"arrayNumber";"simulation";"bout";"interference";"exploitation1";"exploitation2"
1;1;1;3;0;10
1;1;2;0;4;1
1;1;3;1;1;2
1;1;4;1;2;0
1;1;5;0;16;1
1;1;6;1;5;0
1;1;7;0;1;1
1;1;8;0;4;1
1;1;9;0;2;1
1;1;10;1;0;3
1;1;11;0;1;1
1;1;12;0;2;1
1;1;13;0;2;0
1;1;14;1;3;0
1;1;15;1;1;11
1;1;16;3;3;10
1;1;17;0;0;1
1;1;18;2;0;0
1;1;19;0;0;0
1;1;20;1;4;1
1;1;21;1;9;0
1;1;22;1;2;0
1;1;23;2;6;0
1;1;24;0;0;2
1;1;25;0;2;6
1;1;26;0;0;0
1;1;27;0;0;0
1;1;28;1;6;0
1;1;29;0;12;0
1;1;30;1;2;0
1;2;1;0;4;1
1;2;2;1;5;0
1;2;3;2;9;0
1;2;4;0;1;0
1;2;5;0;3;0
1;2;6;1;0;1
1;2;7;0;0;0
1;2;8;1;1;5
1;2;9;0;1;3
1;2;10;0;6;0
1;2;11;2;3;10
1;2;12;0;1;4
1;2;13;0;1;0
1;2;14;2;6;16
1;2;15;0;3;0
1;2;16;0;5;2
1;2;17;1;9;2
1;2;18;1;1;6
1;2;19;2;1;0
1;2;20;1;5;2
1;2;21;0;0;3
1;2;22;0;3;2
1;2;23;1;2;2
1;2;24;1;11;1
1;2;25;0;0;1
1;2;26;0;6;5
1;2;27;0;0;13
1;2;28;0;3;15
1;2;29;1;1;4
1;2;30;0;1;3
1;3;1;0;0;1
1;3;2;0;0;1
1;3;3;1;7;3
1;3;4;1;11;0
1;3;5;1;1;13
1;3;6;0;0;1
1;3;7;0;3;1
1;3;8;2;0;7
1;3;9;0;0;3
1;3;10;0;0;2
1;3;11;0;1;1
1;3;12;0;0;0
1;3;13;0;1;0
1;3;14;0;8;2
1;3;15;2;4;9
1;3;16;1;2;15
1;3;17;2;14;6
1;3;18;0;1;1
1;3;19;1;0;4
1;3;20;1;1;6
1;3;21;0;11;2
1;3;22;0;2;6
1;3;23;2;6;3
1;3;24;1;1;0
1;3;25;1;5;0
1;3;26;0;9;1
1;3;27;0;8;6
1;3;28;0;3;3
1;3;29;0;2;6
1;3;30;0;0;3
1;4;1;2;2;7
1;4;2;0;0;1
1;4;3;1;3;3
1;4;4;1;1;1
1;4;5;0;0;0
1;4;6;0;1;4
1;4;7;0;2;1
1;4;8;1;1;3
1;4;9;0;1;9
1;4;10;0;0;13
1;4;11;0;0;1
1;4;12;1;0;5
1;4;13;2;10;5
1;4;14;0;0;1
1;4;15;0;0;3
1;4;16;1;0;2
1;4;17;2;2;2
1;4;18;0;2;0
1;4;19;1;0;1
1;4;20;0;1;1
1;4;21;0;0;5
1;4;22;2;1;0
1;4;23;0;3;2
1;4;24;1;3;5
1;4;25;1;2;5
1;4;26;1;0;1
1;4;27;0;1;1
1;4;28;4;0;0
1;4;29;1;13;5
1;4;30;1;1;4
1;5;1;1;5;6
1;5;2;0;4;3
1;5;3;0;3;0
1;5;4;0;0;0
1;5;5;0;4;11
1;5;6;0;0;0
1;5;7;0;0;0
1;5;8;3;2;9
1;5;9;5;1;10
1;5;10;0;1;5
1;5;11;2;7;9
1;5;12;1;0;0
1;5;13;1;5;0
1;5;14;1;0;1
1;5;15;0;8;10
1;5;16;1;1;0
1;5;17;1;6;3
1;5;18;0;0;8
1;5;19;0;0;2
1;5;20;1;2;13
1;5;21;1;1;0
1;5;22;2;0;0
1;5;23;0;4;9
1;5;24;3;2;0
1;5;25;1;1;2
1;5;26;0;0;0
1;5;27;1;0;9
1;5;28;2;0;6
1;5;29;1;0;1
1;5;30;0;2;0
1;6;1;3;0;2
1;6;2;0;6;6
1;6;3;0;2;0
1;6;4;0;12;2
1;6;5;0;6;9
1;6;6;1;1;6
1;6;7;0;0;2
1;6;8;1;19;1
1;6;9;1;6;0
1;6;10;3;8;3
1;6;11;3;6;5
1;6;12;0;5;0
1;6;13;1;4;2
1;6;14;1;0;0
1;6;15;0;4;0
1;6;16;0;0;1
1;6;17;1;2;2
1;6;18;0;3;11
1;6;19;0;4;0
1;6;20;0;2;0
1;6;21;0;0;12
1;6;22;0;2;3
1;6;23;3;0;0
1;6;24;0;9;1
1;6;25;0;1;1
1;6;26;0;0;1
1;6;27;0;1;0
1;6;28;0;7;5
1;6;29;0;0;4
1;6;30;1;1;0
1;7;1;0;5;1
1;7;2;2;0;1
1;7;3;1;0;0
1;7;4;1;3;2
1;7;5;0;1;2
1;7;6;1;1;0
1;7;7;1;1;1
1;7;8;1;2;0
1;7;9;2;11;3
1;7;10;1;0;1
1;7;11;0;14;2
1;7;12;0;1;7
1;7;13;1;2;6
1;7;14;0;5;3
1;7;15;0;2;0
1;7;16;0;10;4
1;7;17;0;0;0
1;7;18;0;0;1
1;7;19;2;0;2
1;7;20;0;3;1
1;7;21;0;0;0
1;7;22;1;1;3
1;7;23;0;6;2
1;7;24;1;3;0
1;7;25;0;0;3
1;7;26;0;0;4
1;7;27;0;1;2
1;7;28;0;0;1
1;7;29;2;7;2
1;7;30;0;0;4
1;8;1;1;2;1
1;8;2;0;3;5
1;8;3;1;0;0
1;8;4;1;3;0
1;8;5;1;1;1
1;8;6;1;0;10
1;8;7;0;0;5
1;8;8;1;1;2
1;8;9;0;8;1
1;8;10;1;7;2
1;8;11;1;2;0
1;8;12;1;4;0
1;8;13;0;3;0
1;8;14;0;0;3
1;8;15;0;0;1
1;8;16;0;0;2
1;8;17;0;0;12
1;8;18;1;14;3
1;8;19;1;2;2
1;8;20;0;0;5
1;8;21;1;0;3
1;8;22;2;7;4
1;8;23;2;1;2
1;8;24;0;2;1
1;8;25;0;1;3
1;8;26;2;0;0
1;8;27;1;4;2
1;8;28;0;0;1
1;8;29;0;2;0
1;8;30;0;0;4
1;9;1;0;5;2
1;9;2;0;0;4
1;9;3;1;4;4
1;9;4;0;7;1
1;9;5;0;3;4
1;9;6;0;2;0
1;9;7;1;0;0
1;9;8;0;2;18
1;9;9;0;1;2
1;9;10;0;0;8
1;9;11;0;8;2
1;9;12;0;0;2
1;9;13;0;0;2
1;9;14;0;0;0
1;9;15;1;3;0
1;9;16;0;2;0
1;9;17;1;8;0
1;9;18;3;1;2
1;9;19;0;5;0
1;9;20;1;7;2
1;9;21;1;0;0
1;9;22;0;0;0
1;9;23;0;7;0
1;9;24;1;5;0
1;9;25;0;0;6
1;9;26;0;11;0
1;9;27;1;11;0
1;9;28;0;6;0
1;9;29;0;1;0
1;9;30;1;3;0
1;10;1;0;3;2
1;10;2;0;3;1
1;10;3;0;0;9
1;10;4;2;3;8
1;10;5;0;0;3
1;10;6;0;5;5
1;10;7;1;3;0
1;10;8;0;3;5
1;10;9;1;8;1
1;10;10;0;1;2
1;10;11;1;2;11
1;10;12;0;4;2
1;10;13;0;0;2
1;10;14;1;2;1
1;10;15;0;1;1
1;10;16;0;2;0
1;10;17;0;2;4
1;10;18;0;2;0
1;10;19;1;0;5
1;10;20;0;0;0
1;10;21;1;1;2
1;10;22;0;3;1
1;10;23;0;0;8
1;10;24;0;4;0
1;10;25;2;9;3
1;10;26;1;1;4
1;10;27;1;1;9
1;10;28;0;0;1
1;10;29;0;1;4
1;10;30;0;2;1
1;11;1;0;7;2
1;11;2;1;0;6
1;11;3;0;2;3
1;11;4;0;6;3
1;11;5;1;0;1
1;11;6;1;15;3
1;11;7;0;0;1
1;11;8;2;0;0
1;11;9;2;7;3
1;11;10;1;1;3
1;11;11;0;1;2
1;11;12;1;4;6
1;11;13;0;1;0
1;11;14;0;0;1
1;11;15;2;9;6
1;11;16;1;2;5
1;11;17;0;1;0
1;11;18;1;12;1
1;11;19;1;7;2
1;11;20;3;3;0
1;11;21;0;0;0
1;11;22;1;0;5
1;11;23;0;0;0
1;11;24;1;4;4
1;11;25;0;0;2
1;11;26;1;0;0
1;11;27;1;0;7
1;11;28;3;0;2
1;11;29;0;0;14
1;11;30;2;1;0
1;12;1;0;6;0
1;12;2;0;0;1
1;12;3;2;1;8
1;12;4;0;3;11
1;12;5;0;0;4
1;12;6;1;3;0
1;12;7;3;4;10
1;12;8;2;0;3
1;12;9;1;9;0
1;12;10;1;6;0
1;12;11;0;0;0
1;12;12;2;1;0
1;12;13;1;8;1
1;12;14;0;9;1
1;12;15;1;0;2
1;12;16;3;0;0
1;12;17;1;13;3
1;12;18;1;2;5
1;12;19;0;4;4
1;12;20;0;0;7
1;12;21;0;8;0
1;12;22;0;2;7
1;12;23;3;4;7
1;12;24;1;0;7
1;12;25;0;8;3
1;12;26;0;17;3
1;12;27;0;0;0
1;12;28;1;15;0
1;12;29;0;5;3
1;12;30;0;0;3
1;13;1;1;11;3
1;13;2;0;1;1
1;13;3;0;10;0
1;13;4;2;1;1
1;13;5;1;1;0
1;13;6;0;0;10
1;13;7;2;12;8
1;13;8;1;3;3
1;13;9;0;1;1
1;13;10;0;9;0
1;13;11;0;10;4
1;13;12;1;3;3
1;13;13;0;5;0
1;13;14;2;4;3
1;13;15;0;3;0
1;13;16;1;6;1
1;13;17;1;0;4
1;13;18;0;2;1
1;13;19;0;0;0
1;13;20;0;1;11
1;13;21;3;0;1
1;13;22;0;5;5
1;13;23;1;9;4
1;13;24;0;0;0
1;13;25;1;3;9
1;13;26;0;0;5
1;13;27;0;0;15
1;13;28;0;3;6
1;13;29;0;3;0
1;13;30;1;9;0
1;14;1;0;9;1
1;14;2;0;0;0
1;14;3;0;2;3
1;14;4;1;7;0
1;14;5;0;1;1
1;14;6;1;0;10
1;14;7;0;4;10
1;14;8;0;2;1
1;14;9;0;2;0
1;14;10;0;2;5
1;14;11;0;0;0
1;14;12;0;5;0
1;14;13;1;3;3
1;14;14;0;0;15
1;14;15;0;0;0
1;14;16;2;1;5
1;14;17;1;0;4
1;14;18;0;0;2
1;14;19;1;9;14
1;14;20;2;0;0
1;14;21;0;7;0
1;14;22;0;4;0
1;14;23;0;13;6
1;14;24;2;7;4
1;14;25;0;0;2
1;14;26;1;0;0
1;14;27;1;2;6
1;14;28;0;0;10
1;14;29;0;0;9
1;14;30;0;0;0
1;15;1;0;6;0
1;15;2;0;10;0
1;15;3;2;0;0
1;15;4;1;2;1
1;15;5;1;6;15
1;15;6;0;2;1
1;15;7;0;1;4
1;15;8;1;4;2
1;15;9;0;9;3
1;15;10;0;1;1
1;15;11;1;3;0
1;15;12;0;3;0
1;15;13;0;1;0
1;15;14;1;14;4
1;15;15;3;3;5
1;15;16;1;4;0
1;15;17;0;9;2
1;15;18;0;4;0
1;15;19;0;0;2
1;15;20;0;0;12
1;15;21;0;0;3
1;15;22;0;1;0
1;15;23;0;12;5
1;15;24;1;6;0
1;15;25;0;4;0
1;15;26;0;6;0
1;15;27;0;0;15
1;15;28;0;2;0
1;15;29;0;0;3
1;15;30;1;8;3
1;16;1;0;7;0
1;16;2;0;6;0
1;16;3;1;0;2
1;16;4;3;2;1
1;16;5;2;0;1
1;16;6;0;1;1
1;16;7;0;0;15
1;16;8;3;4;1
1;16;9;0;2;0
1;16;10;4;1;7
1;16;11;0;12;0
1;16;12;1;10;0
1;16;13;0;3;4
1;16;14;1;5;1
1;16;15;1;0;12
1;16;16;1;1;2
1;16;17;0;3;1
1;16;18;1;0;5
1;16;19;0;0;9
1;16;20;0;1;4
1;16;21;3;3;10
1;16;22;1;0;18
1;16;23;0;0;15
1;16;24;1;0;1
1;16;25;1;1;2
1;16;26;1;2;0
1;16;27;2;6;4
1;16;28;0;1;0
1;16;29;0;0;9
1;16;30;0;0;1
1;17;1;0;0;5
1;17;2;2;3;2
1;17;3;0;4;2
1;17;4;1;0;1
1;17;5;1;3;14
1;17;6;0;5;0
1;17;7;1;1;6
1;17;8;2;0;8
1;17;9;1;0;2
1;17;10;0;1;2
1;17;11;2;1;0
1;17;12;0;1;13
1;17;13;1;1;2
1;17;14;0;1;7
1;17;15;1;2;4
1;17;16;0;0;6
1;17;17;0;4;13
1;17;18;2;2;1
1;17;19;2;2;2
1;17;20;2;1;0
1;17;21;1;0;0
1;17;22;0;0;0
1;17;23;0;0;0
1;17;24;0;11;0
1;17;25;0;1;17
1;17;26;0;3;1
1;17;27;1;0;0
1;17;28;0;1;2
1;17;29;1;9;0
1;17;30;0;12;0
1;18;1;1;8;13
1;18;2;0;0;1
1;18;3;0;2;8
1;18;4;2;3;0
1;18;5;0;1;9
1;18;6;1;1;6
1;18;7;1;1;0
1;18;8;0;1;10
1;18;9;0;2;1
1;18;10;0;7;2
1;18;11;1;2;3
1;18;12;0;2;1
1;18;13;0;0;2
1;18;14;0;6;1
1;18;15;1;0;0
1;18;16;0;0;8
1;18;17;0;2;9
1;18;18;0;5;1
1;18;19;0;3;5
1;18;20;0;11;1
1;18;21;2;2;8
1;18;22;2;1;1
1;18;23;1;2;12
1;18;24;0;2;0
1;18;25;0;3;0
1;18;26;0;8;1
1;18;27;0;8;0
1;18;28;0;10;0
1;18;29;0;0;4
1;18;30;1;6;0
1;19;1;0;2;9
1;19;2;0;1;0
1;19;3;1;0;1
1;19;4;1;2;1
1;19;5;0;0;4
1;19;6;0;0;2
1;19;7;1;9;2
1;19;8;0;0;7
1;19;9;1;1;0
1;19;10;0;4;0
1;19;11;5;1;9
1;19;12;0;0;2
1;19;13;0;4;12
1;19;14;0;0;15
1;19;15;0;4;0
1;19;16;2;7;1
1;19;17;0;6;0
1;19;18;0;2;1
1;19;19;0;1;1
1;19;20;1;13;3
1;19;21;1;6;3
1;19;22;1;2;0
1;19;23;0;0;8
1;19;24;1;8;1
1;19;25;0;9;1
1;19;26;2;3;5
1;19;27;1;9;0
1;19;28;0;0;3
1;19;29;0;0;17
1;19;30;0;0;0
1;20;1;0;1;5
1;20;2;0;0;10
1;20;3;1;6;3
1;20;4;1;6;13
1;20;5;0;4;0
1;20;6;1;2;9
1;20;7;0;9;0
1;20;8;0;3;1
1;20;9;1;1;1
1;20;10;1;2;5
1;20;11;1;3;0
1;20;12;0;1;4
1;20;13;0;2;5
1;20;14;0;0;3
1;20;15;1;1;13
1;20;16;1;0;0
1;20;17;0;4;18
1;20;18;1;9;11
1;20;19;0;3;3
1;20;20;0;0;0
1;20;21;1;7;3
1;20;22;1;2;10
1;20;23;1;4;6
1;20;24;1;2;0
1;20;25;0;3;0
1;20;26;1;0;4
1;20;27;3;1;2
1;20;28;0;2;1
1;20;29;0;1;2
1;20;30;0;14;1
1;21;1;4;9;8
1;21;2;1;2;2
1;21;3;1;0;3
1;21;4;0;7;0
1;21;5;1;17;1
1;21;6;1;4;14
1;21;7;0;1;0
1;21;8;1;0;0
1;21;9;3;0;0
1;21;10;0;2;13
1;21;11;0;2;7
1;21;12;0;5;1
1;21;13;0;0;1
1;21;14;1;0;11
1;21;15;0;1;2
1;21;16;2;0;1
1;21;17;0;1;2
1;21;18;2;3;7
1;21;19;1;2;1
1;21;20;0;0;4
1;21;21;0;15;0
1;21;22;0;1;1
1;21;23;1;13;2
1;21;24;0;1;3
1;21;25;0;0;8
1;21;26;0;9;3
1;21;27;0;1;13
1;21;28;1;7;0
1;21;29;0;4;0
1;21;30;2;1;9
1;22;1;2;1;1
1;22;2;2;1;0
1;22;3;0;5;3
1;22;4;0;3;1
1;22;5;2;0;0
1;22;6;0;18;2
1;22;7;0;2;0
1;22;8;0;0;1
1;22;9;1;5;0
1;22;10;0;0;5
1;22;11;1;0;1
1;22;12;0;0;9
1;22;13;1;14;1
1;22;14;1;5;13
1;22;15;0;0;6
1;22;16;2;0;2
1;22;17;0;7;2
1;22;18;1;0;3
1;22;19;0;3;2
1;22;20;0;0;2
1;22;21;0;3;0
1;22;22;0;12;6
1;22;23;1;5;1
1;22;24;0;0;7
1;22;25;1;0;4
1;22;26;0;0;2
1;22;27;0;4;3
1;22;28;0;0;8
1;22;29;0;10;2
1;22;30;2;0;4
1;23;1;0;2;3
1;23;2;0;7;1
1;23;3;3;4;1
1;23;4;0;0;4
1;23;5;0;2;12
1;23;6;0;0;6
1;23;7;2;7;6
1;23;8;0;1;0
1;23;9;0;5;2
1;23;10;0;2;0
1;23;11;2;4;4
1;23;12;0;0;3
1;23;13;1;7;0
1;23;14;0;0;1
1;23;15;0;0;0
1;23;16;0;0;0
1;23;17;1;0;9
1;23;18;0;0;0
1;23;19;1;0;9
1;23;20;0;7;6
1;23;21;0;2;5
1;23;22;0;13;0
1;23;23;0;4;0
1;23;24;0;4;7
1;23;25;1;0;12
1;23;26;0;0;0
1;23;27;0;3;0
1;23;28;0;3;2
1;23;29;1;3;2
1;23;30;0;0;5
1;24;1;0;0;1
1;24;2;0;0;3
1;24;3;0;1;0
1;24;4;1;0;0
1;24;5;1;3;5
1;24;6;0;4;1
1;24;7;0;12;2
1;24;8;0;15;2
1;24;9;0;0;9
1;24;10;0;0;1
1;24;11;0;2;2
1;24;12;0;0;2
1;24;13;0;2;1
1;24;14;0;5;1
1;24;15;1;2;9
1;24;16;0;0;2
1;24;17;0;2;8
1;24;18;1;3;0
1;24;19;0;0;12
1;24;20;1;6;2
1;24;21;1;5;5
1;24;22;2;14;4
1;24;23;1;1;0
1;24;24;0;0;9
1;24;25;1;2;1
1;24;26;2;1;3
1;24;27;1;0;4
1;24;28;0;0;0
1;24;29;0;3;1
1;24;30;0;10;1
1;25;1;0;0;0
1;25;2;2;0;0
1;25;3;0;0;0
1;25;4;1;7;1
1;25;5;0;0;2
1;25;6;0;0;1
1;25;7;2;0;1
1;25;8;3;0;0
1;25;9;1;0;0
1;25;10;0;0;0
1;25;11;0;3;0
1;25;12;0;11;6
1;25;13;2;1;8
1;25;14;0;0;4
1;25;15;1;1;2
1;25;16;0;7;2
1;25;17;0;0;2
1;25;18;2;14;10
1;25;19;1;1;0
1;25;20;0;8;4
1;25;21;0;8;1
1;25;22;3;1;2
1;25;23;0;7;0
1;25;24;0;2;9
1;25;25;0;0;0
1;25;26;1;1;12
1;25;27;1;6;4
1;25;28;1;1;1
1;25;29;0;2;2
1;25;30;0;1;2
1;26;1;1;0;0
1;26;2;1;7;4
1;26;3;0;4;2
1;26;4;0;3;15
1;26;5;1;2;2
1;26;6;1;0;0
1;26;7;0;11;2
1;26;8;0;2;2
1;26;9;1;8;0
1;26;10;1;0;2
1;26;11;2;10;8
1;26;12;0;2;0
1;26;13;0;0;9
1;26;14;0;2;4
1;26;15;1;1;0
1;26;16;0;0;1
1;26;17;0;0;1
1;26;18;0;1;5
1;26;19;0;3;0
1;26;20;0;0;12
1;26;21;0;4;0
1;26;22;0;0;0
1;26;23;2;1;2
1;26;24;0;3;0
1;26;25;0;0;4
1;26;26;0;4;6
1;26;27;0;0;0
1;26;28;0;1;3
1;26;29;0;0;0
1;26;30;0;1;4
1;27;1;0;7;1
1;27;2;1;0;5
1;27;3;1;7;11
1;27;4;0;1;0
1;27;5;1;0;0
1;27;6;0;0;2
1;27;7;1;7;0
1;27;8;0;1;1
1;27;9;0;0;0
1;27;10;0;0;3
1;27;11;0;10;6
1;27;12;1;11;3
1;27;13;0;0;4
1;27;14;0;8;1
1;27;15;0;3;3
1;27;16;0;5;2
1;27;17;0;1;1
1;27;18;0;0;8
1;27;19;0;6;2
1;27;20;0;5;0
1;27;21;2;0;0
1;27;22;0;1;3
1;27;23;0;0;2
1;27;24;1;7;13
1;27;25;1;1;3
1;27;26;0;0;1
1;27;27;0;9;0
1;27;28;0;10;1
1;27;29;0;4;6
1;27;30;0;0;1
1;28;1;1;2;4
1;28;2;0;3;3
1;28;3;0;0;1
1;28;4;2;1;4
1;28;5;0;0;1
1;28;6;0;12;0
1;28;7;1;4;2
1;28;8;0;5;1
1;28;9;0;2;1
1;28;10;4;14;3
1;28;11;1;3;1
1;28;12;0;0;10
1;28;13;1;4;0
1;28;14;1;3;3
1;28;15;0;1;4
1;28;16;1;0;2
1;28;17;1;1;0
1;28;18;1;1;1
1;28;19;0;1;1
1;28;20;0;1;0
1;28;21;0;2;0
1;28;22;0;5;2
1;28;23;1;13;1
1;28;24;1;7;4
1;28;25;1;0;2
1;28;26;1;4;3
1;28;27;2;1;2
1;28;28;1;5;1
1;28;29;0;0;2
1;28;30;2;5;2
1;29;1;1;0;3
1;29;2;1;0;0
1;29;3;2;0;8
1;29;4;0;0;0
1;29;5;0;5;6
1;29;6;0;2;1
1;29;7;1;7;1
1;29;8;0;1;14
1;29;9;0;9;0
1;29;10;0;0;5
1;29;11;1;0;0
1;29;12;1;9;0
1;29;13;2;1;12
1;29;14;0;1;0
1;29;15;0;0;1
1;29;16;3;7;1
1;29;17;1;1;0
1;29;18;0;1;1
1;29;19;0;5;2
1;29;20;0;0;3
1;29;21;0;1;9
1;29;22;1;3;4
1;29;23;0;1;1
1;29;24;2;2;0
1;29;25;0;3;2
1;29;26;0;1;0
1;29;27;1;8;1
1;29;28;0;9;0
1;29;29;0;11;4
1;29;30;0;5;0
1;30;1;0;15;5
1;30;2;0;3;1
1;30;3;0;10;0
1;30;4;0;0;5
1;30;5;0;2;0
1;30;6;1;4;1
1;30;7;0;1;2
1;30;8;1;4;3
1;30;9;1;1;0
1;30;10;0;2;10
1;30;11;1;0;2
1;30;12;0;1;1
1;30;13;0;2;10
1;30;14;1;0;0
1;30;15;0;4;0
1;30;16;0;0;1
1;30;17;0;2;8
1;30;18;0;4;0
1;30;19;2;1;6
1;30;20;0;0;4
1;30;21;0;0;1
1;30;22;1;0;14
1;30;23;1;0;9
1;30;24;1;2;1
1;30;25;1;1;3
1;30;26;1;1;3
1;30;27;0;13;2
1;30;28;0;11;3
1;30;29;0;1;0
1;30;30;0;0;5
1;31;1;2;3;2
1;31;2;0;0;1
1;31;3;1;1;7
1;31;4;1;0;0
1;31;5;1;1;0
1;31;6;0;12;0
1;31;7;3;5;5
1;31;8;1;0;0
1;31;9;0;3;1
1;31;10;0;1;0
1;31;11;1;1;0
1;31;12;0;1;4
1;31;13;1;12;2
1;31;14;3;4;1
1;31;15;0;0;5
1;31;16;4;4;6
1;31;17;0;5;7
1;31;18;0;1;1
1;31;19;1;0;9
1;31;20;0;0;0
1;31;21;1;0;0
1;31;22;1;0;2
1;31;23;0;4;7
1;31;24;0;5;2
1;31;25;2;3;6
1;31;26;0;0;7
1;31;27;1;0;1
1;31;28;1;0;1
1;31;29;2;0;0
1;31;30;0;4;5
1;32;1;1;13;4
1;32;2;2;0;0
1;32;3;0;11;2
1;32;4;0;0;0
1;32;5;0;4;0
1;32;6;0;2;7
1;32;7;0;3;3
1;32;8;0;2;9
1;32;9;0;0;3
1;32;10;0;1;8
1;32;11;1;0;2
1;32;12;3;11;2
1;32;13;0;0;6
1;32;14;0;0;0
1;32;15;1;1;1
1;32;16;0;6;3
1;32;17;0;2;3
1;32;18;0;0;9
1;32;19;1;8;4
1;32;20;1;0;4
1;32;21;0;4;1
1;32;22;2;1;1
1;32;23;0;7;1
1;32;24;0;10;2
1;32;25;0;1;9
1;32;26;2;7;2
1;32;27;0;0;1
1;32;28;0;0;11
1;32;29;1;0;6
1;32;30;0;2;8
1;33;1;0;3;2
1;33;2;2;5;8
1;33;3;2;0;11
1;33;4;0;0;2
1;33;5;1;1;7
1;33;6;0;1;0
1;33;7;1;0;1
1;33;8;4;0;9
1;33;9;0;5;1
1;33;10;0;0;0
1;33;11;2;1;0
1;33;12;0;1;3
1;33;13;0;6;0
1;33;14;0;0;1
1;33;15;1;4;0
1;33;16;1;5;5
1;33;17;1;0;11
1;33;18;1;1;0
1;33;19;0;4;7
1;33;20;0;0;11
1;33;21;3;4;1
1;33;22;0;5;0
1;33;23;1;0;3
1;33;24;2;1;8
1;33;25;0;5;0
1;33;26;0;1;3
1;33;27;0;10;2
1;33;28;0;1;1
1;33;29;0;2;1
1;33;30;0;0;1
1;34;1;1;0;0
1;34;2;0;2;1
1;34;3;1;0;1
1;34;4;2;2;2
1;34;5;1;11;0
1;34;6;2;11;1
1;34;7;2;3;3
1;34;8;2;0;11
1;34;9;0;0;6
1;34;10;0;6;3
1;34;11;0;4;1
1;34;12;1;2;8
1;34;13;0;0;0
1;34;14;1;6;1
1;34;15;1;1;9
1;34;16;0;11;1
1;34;17;4;10;1
1;34;18;0;0;4
1;34;19;0;12;1
1;34;20;3;3;3
1;34;21;0;0;2
1;34;22;0;2;0
1;34;23;0;0;4
1;34;24;0;0;2
1;34;25;4;0;4
1;34;26;0;1;0
1;34;27;1;0;2
1;34;28;0;0;0
1;34;29;0;1;4
1;34;30;0;5;1
1;35;1;1;6;1
1;35;2;0;15;6
1;35;3;1;7;2
1;35;4;0;15;2
1;35;5;0;3;1
1;35;6;0;11;2
1;35;7;1;0;5
1;35;8;2;0;2
1;35;9;0;0;5
1;35;10;0;1;12
1;35;11;0;8;4
1;35;12;1;1;0
1;35;13;1;1;1
1;35;14;1;1;6
1;35;15;2;4;0
1;35;16;0;1;1
1;35;17;0;2;3
1;35;18;0;0;11
1;35;19;1;7;1
1;35;20;3;4;1
1;35;21;0;3;1
1;35;22;0;3;0
1;35;23;0;0;0
1;35;24;1;2;6
1;35;25;0;5;9
1;35;26;2;2;5
1;35;27;0;14;2
1;35;28;0;0;8
1;35;29;1;2;9
1;35;30;0;0;2
1;36;1;0;1;0
1;36;2;1;1;3
1;36;3;0;15;2
1;36;4;1;6;2
1;36;5;3;1;2
1;36;6;3;0;0
1;36;7;0;0;0
1;36;8;3;1;0
1;36;9;0;0;1
1;36;10;0;13;0
1;36;11;1;3;3
1;36;12;0;2;0
1;36;13;2;0;9
1;36;14;1;8;0
1;36;15;1;4;2
1;36;16;0;13;10
1;36;17;1;1;7
1;36;18;1;4;0
1;36;19;0;1;0
1;36;20;0;0;10
1;36;21;0;2;0
1;36;22;4;5;5
1;36;23;0;0;16
1;36;24;0;0;0
1;36;25;1;0;3
1;36;26;1;0;2
1;36;27;1;2;5
1;36;28;0;3;4
1;36;29;0;0;4
1;36;30;0;1;2
1;37;1;0;0;4
1;37;2;1;1;3
1;37;3;1;2;4
1;37;4;1;2;3
1;37;5;0;3;0
1;37;6;0;12;3
1;37;7;0;17;7
1;37;8;0;8;1
1;37;9;0;5;12
1;37;10;0;6;0
1;37;11;1;7;13
1;37;12;0;2;6
1;37;13;0;1;13
1;37;14;3;1;1
1;37;15;1;0;2
1;37;16;0;5;1
1;37;17;0;2;1
1;37;18;1;0;6
1;37;19;0;0;0
1;37;20;1;3;2
1;37;21;1;0;0
1;37;22;1;4;0
1;37;23;1;0;4
1;37;24;1;7;2
1;37;25;1;0;3
1;37;26;1;2;0
1;37;27;1;0;3
1;37;28;1;1;5
1;37;29;0;0;9
1;37;30;1;0;10
1;38;1;0;0;4
1;38;2;0;13;1
1;38;3;0;12;0
1;38;4;1;0;2
1;38;5;0;0;0
1;38;6;1;0;2
1;38;7;0;18;5
1;38;8;1;3;1
1;38;9;0;2;2
1;38;10;0;1;0
1;38;11;0;4;1
1;38;12;1;6;0
1;38;13;0;13;1
1;38;14;2;2;11
1;38;15;1;2;10
1;38;16;1;0;0
1;38;17;0;1;2
1;38;18;0;0;0
1;38;19;4;0;8
1;38;20;1;6;0
1;38;21;0;1;0
1;38;22;1;0;3
1;38;23;0;4;1
1;38;24;0;8;1
1;38;25;2;4;0
1;38;26;0;15;1
1;38;27;0;0;4
1;38;28;1;1;6
1;38;29;0;14;0
1;38;30;0;2;2
1;39;1;0;0;1
1;39;2;0;11;1
1;39;3;0;1;0
1;39;4;0;5;11
1;39;5;0;6;0
1;39;6;0;0;2
1;39;7;0;7;7
1;39;8;0;3;1
1;39;9;0;0;0
1;39;10;2;0;8
1;39;11;0;0;4
1;39;12;0;3;2
1;39;13;2;0;7
1;39;14;0;0;0
1;39;15;1;2;6
1;39;16;0;7;11
1;39;17;1;5;0
1;39;18;0;4;3
1;39;19;1;1;0
1;39;20;0;0;0
1;39;21;2;1;1
1;39;22;0;1;13
1;39;23;0;0;1
1;39;24;0;0;2
1;39;25;1;13;2
1;39;26;0;3;0
1;39;27;1;6;15
1;39;28;0;1;3
1;39;29;0;5;0
1;39;30;2;5;2
1;40;1;0;0;7
1;40;2;1;7;3
1;40;3;1;2;0
1;40;4;0;2;1
1;40;5;0;0;0
1;40;6;0;0;0
1;40;7;1;12;0
1;40;8;0;0;2
1;40;9;2;0;0
1;40;10;0;0;0
1;40;11;0;3;11
1;40;12;0;0;2
1;40;13;0;5;1
1;40;14;0;5;2
1;40;15;0;5;0
1;40;16;2;9;1
1;40;17;0;9;3
1;40;18;1;5;10
1;40;19;1;13;0
1;40;20;0;0;9
1;40;21;0;7;0
1;40;22;1;6;0
1;40;23;1;17;2
1;40;24;1;7;0
1;40;25;0;5;0
1;40;26;1;2;7
1;40;27;0;0;2
1;40;28;0;1;0
1;40;29;0;6;14
1;40;30;0;6;2
1;41;1;0;2;6
1;41;2;0;0;1
1;41;3;0;2;1
1;41;4;0;0;0
1;41;5;1;7;12
1;41;6;1;2;9
1;41;7;0;8;2
1;41;8;3;0;6
1;41;9;0;2;2
1;41;10;0;2;5
1;41;11;1;1;0
1;41;12;0;1;0
1;41;13;0;0;0
1;41;14;0;2;6
1;41;15;0;4;0
1;41;16;0;2;0
1;41;17;2;7;1
1;41;18;0;0;0
1;41;19;1;9;14
1;41;20;0;1;0
1;41;21;0;0;2
1;41;22;0;5;0
1;41;23;1;13;1
1;41;24;0;3;0
1;41;25;0;4;0
1;41;26;0;1;2
1;41;27;1;0;13
1;41;28;0;9;0
1;41;29;0;0;0
1;41;30;1;1;11
1;42;1;0;2;1
1;42;2;1;2;0
1;42;3;1;3;1
1;42;4;1;5;11
1;42;5;1;12;3
1;42;6;0;1;2
1;42;7;1;2;1
1;42;8;0;0;2
1;42;9;0;6;0
1;42;10;0;1;13
1;42;11;0;3;1
1;42;12;0;3;3
1;42;13;1;6;1
1;42;14;1;7;6
1;42;15;0;11;0
1;42;16;2;2;9
1;42;17;0;0;1
1;42;18;2;15;4
1;42;19;1;0;3
1;42;20;1;3;4
1;42;21;0;1;2
1;42;22;0;6;14
1;42;23;0;2;9
1;42;24;0;1;2
1;42;25;0;2;0
1;42;26;3;2;7
1;42;27;0;5;0
1;42;28;0;4;8
1;42;29;1;10;0
1;42;30;0;1;1
1;43;1;2;2;3
1;43;2;2;3;1
1;43;3;0;2;3
1;43;4;0;0;1
1;43;5;1;0;0
1;43;6;1;14;1
1;43;7;2;0;2
1;43;8;1;0;2
1;43;9;0;6;0
1;43;10;0;0;9
1;43;11;3;0;3
1;43;12;0;6;13
1;43;13;0;0;0
1;43;14;1;8;17
1;43;15;0;1;4
1;43;16;3;3;0
1;43;17;0;2;1
1;43;18;0;14;0
1;43;19;0;1;14
1;43;20;0;3;5
1;43;21;1;0;13
1;43;22;0;10;3
1;43;23;2;0;0
1;43;24;1;1;0
1;43;25;0;6;1
1;43;26;1;3;4
1;43;27;0;4;0
1;43;28;0;0;14
1;43;29;0;3;0
1;43;30;1;0;8
1;44;1;0;4;16
1;44;2;0;1;3
1;44;3;2;0;0
1;44;4;0;17;3
1;44;5;1;5;3
1;44;6;0;11;3
1;44;7;0;4;1
1;44;8;1;0;2
1;44;9;1;2;10
1;44;10;1;3;1
1;44;11;0;0;1
1;44;12;1;12;15
1;44;13;0;2;14
1;44;14;0;1;1
1;44;15;0;1;0
1;44;16;0;0;4
1;44;17;0;0;13
1;44;18;2;0;0
1;44;19;0;13;5
1;44;20;0;14;2
1;44;21;0;0;2
1;44;22;0;0;1
1;44;23;0;0;4
1;44;24;0;0;1
1;44;25;0;1;3
1;44;26;1;0;1
1;44;27;1;1;0
1;44;28;1;3;0
1;44;29;0;4;14
1;44;30;0;1;1
1;45;1;0;5;4
1;45;2;0;0;1
1;45;3;1;0;1
1;45;4;2;6;0
1;45;5;1;4;4
1;45;6;1;3;0
1;45;7;2;6;3
1;45;8;0;0;0
1;45;9;0;5;14
1;45;10;2;2;5
1;45;11;1;0;5
1;45;12;1;1;9
1;45;13;1;0;13
1;45;14;0;1;6
1;45;15;0;1;2
1;45;16;0;1;3
1;45;17;0;1;8
1;45;18;0;1;13
1;45;19;0;0;9
1;45;20;0;4;1
1;45;21;3;5;1
1;45;22;1;9;1
1;45;23;0;1;9
1;45;24;0;2;0
1;45;25;0;2;7
1;45;26;1;5;1
1;45;27;1;5;0
1;45;28;0;10;1
1;45;29;1;4;0
1;45;30;0;1;1
1;46;1;0;0;1
1;46;2;2;0;5
1;46;3;2;11;1
1;46;4;1;3;7
1;46;5;0;4;0
1;46;6;0;3;0
1;46;7;0;2;1
1;46;8;4;0;0
1;46;9;1;1;2
1;46;10;1;1;17
1;46;11;0;8;0
1;46;12;0;6;1
1;46;13;0;6;3
1;46;14;2;3;0
1;46;15;2;2;18
1;46;16;2;3;13
1;46;17;0;2;6
1;46;18;1;2;12
1;46;19;0;0;0
1;46;20;2;7;0
1;46;21;0;1;0
1;46;22;0;4;0
1;46;23;1;13;0
1;46;24;0;1;9
1;46;25;2;0;5
1;46;26;0;6;10
1;46;27;0;0;0
1;46;28;0;0;16
1;46;29;0;0;0
1;46;30;0;3;0
1;47;1;1;0;0
1;47;2;1;2;3
1;47;3;0;0;5
1;47;4;1;4;0
1;47;5;0;0;1
1;47;6;1;3;0
1;47;7;1;15;1
1;47;8;0;7;0
1;47;9;1;4;4
1;47;10;1;0;2
1;47;11;0;1;0
1;47;12;0;1;3
1;47;13;0;2;1
1;47;14;0;1;0
1;47;15;0;4;0
1;47;16;1;3;9
1;47;17;0;4;5
1;47;18;0;0;4
1;47;19;2;8;3
1;47;20;0;2;0
1;47;21;0;3;5
1;47;22;0;13;4
1;47;23;2;12;6
1;47;24;0;13;2
1;47;25;0;5;0
1;47;26;0;0;0
1;47;27;0;4;1
1;47;28;1;3;0
1;47;29;0;7;5
1;47;30;0;4;1
1;48;1;0;3;3
1;48;2;0;7;0
1;48;3;0;6;11
1;48;4;1;3;3
1;48;5;0;0;7
1;48;6;0;2;0
1;48;7;1;2;2
1;48;8;3;1;3
1;48;9;1;0;7
1;48;10;0;2;2
1;48;11;2;8;4
1;48;12;1;0;1
1;48;13;0;0;1
1;48;14;0;15;5
1;48;15;2;0;3
1;48;16;0;1;0
1;48;17;0;1;12
1;48;18;1;0;0
1;48;19;0;6;5
1;48;20;0;0;13
1;48;21;1;3;0
1;48;22;0;0;8
1;48;23;0;9;0
1;48;24;0;2;1
1;48;25;0;1;1
1;48;26;0;6;0
1;48;27;0;3;0
1;48;28;1;16;0
1;48;29;1;3;1
1;48;30;2;9;2
1;49;1;0;3;11
1;49;2;0;0;0
1;49;3;0;3;0
1;49;4;1;1;1
1;49;5;1;4;0
1;49;6;0;0;4
1;49;7;1;0;0
1;49;8;0;0;7
1;49;9;2;2;5
1;49;10;1;3;2
1;49;11;0;7;4
1;49;12;0;3;0
1;49;13;0;3;8
1;49;14;0;0;4
1;49;15;0;4;0
1;49;16;3;2;3
1;49;17;0;3;22
1;49;18;2;3;0
1;49;19;0;5;0
1;49;20;0;13;0
1;49;21;0;0;3
1;49;22;0;0;1
1;49;23;0;0;0
1;49;24;0;9;0
1;49;25;1;6;2
1;49;26;0;5;0
1;49;27;0;11;0
1;49;28;0;6;0
1;49;29;0;8;0
1;49;30;0;1;0
1;50;1;0;2;14
1;50;2;1;0;9
1;50;3;1;4;18
1;50;4;1;8;0
1;50;5;0;0;1
1;50;6;2;6;1
1;50;7;0;5;3
1;50;8;1;6;2
1;50;9;1;7;0
1;50;10;0;3;0
1;50;11;1;4;3
1;50;12;0;2;2
1;50;13;1;4;1
1;50;14;0;1;0
1;50;15;0;0;4
1;50;16;0;7;2
1;50;17;1;2;5
1;50;18;0;0;1
1;50;19;2;6;0
1;50;20;0;2;0
1;50;21;2;3;1
1;50;22;0;1;0
1;50;23;1;1;0
1;50;24;0;6;2
1;50;25;0;6;0
1;50;26;0;0;0
1;50;27;2;4;2
1;50;28;1;0;0
1;50;29;0;4;2
1;50;30;1;6;0
1;51;1;2;0;0
1;51;2;2;0;10
1;51;3;0;2;3
1;51;4;0;0;0
1;51;5;0;1;0
1;51;6;0;0;7
1;51;7;2;1;0
1;51;8;0;8;1
1;51;9;1;2;2
1;51;10;1;3;2
1;51;11;0;1;0
1;51;12;0;16;1
1;51;13;2;15;10
1;51;14;2;2;8
1;51;15;2;8;4
1;51;16;2;6;1
1;51;17;0;12;0
1;51;18;2;9;1
1;51;19;1;3;0
1;51;20;0;0;3
1;51;21;0;13;3
1;51;22;1;6;0
1;51;23;0;0;4
1;51;24;1;2;2
1;51;25;2;2;9
1;51;26;1;0;7
1;51;27;0;5;3
1;51;28;1;1;8
1;51;29;0;3;0
1;51;30;0;1;3
1;52;1;0;3;0
1;52;2;2;2;0
1;52;3;2;0;9
1;52;4;1;2;12
1;52;5;0;1;4
1;52;6;0;0;2
1;52;7;0;3;2
1;52;8;0;1;1
1;52;9;0;0;5
1;52;10;1;2;0
1;52;11;0;4;1
1;52;12;0;3;1
1;52;13;0;2;1
1;52;14;0;0;0
1;52;15;0;12;0
1;52;16;0;0;2
1;52;17;0;0;0
1;52;18;2;0;0
1;52;19;0;8;0
1;52;20;0;5;1
1;52;21;2;7;1
1;52;22;1;8;0
1;52;23;1;0;0
1;52;24;2;7;5
1;52;25;1;0;0
1;52;26;1;3;11
1;52;27;1;1;1
1;52;28;1;2;0
1;52;29;1;0;5
1;52;30;0;0;6
1;53;1;2;0;1
1;53;2;0;1;0
1;53;3;0;0;0
1;53;4;0;5;0
1;53;5;2;8;2
1;53;6;0;1;3
1;53;7;0;0;0
1;53;8;0;0;0
1;53;9;1;0;8
1;53;10;2;6;0
1;53;11;0;0;4
1;53;12;1;1;3
1;53;13;1;1;3
1;53;14;0;0;0
1;53;15;0;2;5
1;53;16;0;0;0
1;53;17;0;0;10
1;53;18;0;4;3
1;53;19;0;1;0
1;53;20;0;2;7
1;53;21;2;1;1
1;53;22;0;1;1
1;53;23;0;0;0
1;53;24;1;3;12
1;53;25;1;0;9
1;53;26;0;0;0
1;53;27;0;0;0
1;53;28;0;14;0
1;53;29;0;0;0
1;53;30;0;0;1
1;54;1;0;2;2
1;54;2;0;1;5
1;54;3;0;3;4
1;54;4;1;2;3
1;54;5;2;3;2
1;54;6;0;7;0
1;54;7;1;0;0
1;54;8;1;3;0
1;54;9;1;0;7
1;54;10;3;0;9
1;54;11;0;6;4
1;54;12;0;7;3
1;54;13;2;4;0
1;54;14;3;0;3
1;54;15;1;16;0
1;54;16;0;5;5
1;54;17;2;0;10
1;54;18;1;0;2
1;54;19;3;4;2
1;54;20;1;0;0
1;54;21;0;1;2
1;54;22;0;0;0
1;54;23;1;4;1
1;54;24;1;16;6
1;54;25;4;3;0
1;54;26;0;18;0
1;54;27;0;6;0
1;54;28;1;0;4
1;54;29;1;6;13
1;54;30;1;0;11
1;55;1;0;3;0
1;55;2;1;6;5
1;55;3;0;1;0
1;55;4;2;5;6
1;55;5;1;1;14
1;55;6;1;2;0
1;55;7;0;0;8
1;55;8;0;0;0
1;55;9;1;0;0
1;55;10;1;12;1
1;55;11;1;19;4
1;55;12;0;3;1
1;55;13;0;0;2
1;55;14;0;7;2
1;55;15;1;0;4
1;55;16;0;0;8
1;55;17;3;0;6
1;55;18;0;0;2
1;55;19;0;0;0
1;55;20;0;8;1
1;55;21;0;0;0
1;55;22;0;1;11
1;55;23;2;2;6
1;55;24;0;15;1
1;55;25;0;12;2
1;55;26;0;8;10
1;55;27;0;4;10
1;55;28;0;4;0
1;55;29;1;6;2
1;55;30;0;0;4
1;56;1;3;0;0
1;56;2;0;0;3
1;56;3;1;15;0
1;56;4;1;1;6
1;56;5;2;1;1
1;56;6;0;4;5
1;56;7;0;9;1
1;56;8;0;0;3
1;56;9;0;10;4
1;56;10;2;3;7
1;56;11;1;2;0
1;56;12;0;2;0
1;56;13;0;0;1
1;56;14;0;1;2
1;56;15;1;2;2
1;56;16;0;0;2
1;56;17;0;9;0
1;56;18;2;1;5
1;56;19;2;2;3
1;56;20;0;1;1
1;56;21;3;3;7
1;56;22;0;2;3
1;56;23;0;0;7
1;56;24;0;1;5
1;56;25;0;2;1
1;56;26;0;1;6
1;56;27;0;8;0
1;56;28;2;12;0
1;56;29;1;0;0
1;56;30;0;2;6
1;57;1;0;0;2
1;57;2;2;0;7
1;57;3;0;1;1
1;57;4;4;3;13
1;57;5;0;10;1
1;57;6;1;7;0
1;57;7;1;9;0
1;57;8;0;0;1
1;57;9;0;10;14
1;57;10;0;0;0
1;57;11;2;0;7
1;57;12;0;4;2
1;57;13;0;0;9
1;57;14;1;0;5
1;57;15;1;0;10
1;57;16;1;2;1
1;57;17;0;0;2
1;57;18;0;1;0
1;57;19;0;1;0
1;57;20;0;2;5
1;57;21;2;4;1
1;57;22;0;10;0
1;57;23;1;0;2
1;57;24;0;0;0
1;57;25;0;1;3
1;57;26;0;4;1
1;57;27;0;0;5
1;57;28;0;6;0
1;57;29;1;1;1
1;57;30;1;4;0
1;58;1;2;1;0
1;58;2;0;0;12
1;58;3;0;1;1
1;58;4;1;0;11
1;58;5;0;3;0
1;58;6;0;0;12
1;58;7;1;4;11
1;58;8;0;0;4
1;58;9;0;2;0
1;58;10;0;4;0
1;58;11;2;4;0
1;58;12;0;12;3
1;58;13;1;1;6
1;58;14;2;0;6
1;58;15;1;2;1
1;58;16;4;9;2
1;58;17;1;0;2
1;58;18;0;12;1
1;58;19;1;0;0
1;58;20;0;10;2
1;58;21;0;10;0
1;58;22;1;4;0
1;58;23;2;4;3
1;58;24;0;9;1
1;58;25;0;1;2
1;58;26;1;1;3
1;58;27;0;0;6
1;58;28;0;0;1
1;58;29;0;11;0
1;58;30;0;4;1
1;59;1;3;2;1
1;59;2;1;4;3
1;59;3;2;2;3
1;59;4;2;2;0
1;59;5;0;11;3
1;59;6;1;0;1
1;59;7;2;1;1
1;59;8;1;0;0
1;59;9;0;1;6
1;59;10;0;3;1
1;59;11;1;3;0
1;59;12;0;0;10
1;59;13;1;1;1
1;59;14;2;5;1
1;59;15;2;2;8
1;59;16;2;0;0
1;59;17;1;9;9
1;59;18;0;1;3
1;59;19;2;2;1
1;59;20;1;3;0
1;59;21;0;5;4
1;59;22;1;1;1
1;59;23;0;0;2
1;59;24;0;6;4
1;59;25;0;10;0
1;59;26;0;1;1
1;59;27;0;2;8
1;59;28;0;7;3
1;59;29;1;4;2
1;59;30;0;10;6
1;60;1;1;1;3
1;60;2;0;5;0
1;60;3;2;10;0
1;60;4;0;7;2
1;60;5;1;13;3
1;60;6;1;7;5
1;60;7;0;0;7
1;60;8;1;2;4
1;60;9;2;8;12
1;60;10;2;1;4
1;60;11;1;3;5
1;60;12;0;2;11
1;60;13;1;8;3
1;60;14;0;6;2
1;60;15;0;0;8
1;60;16;1;1;4
1;60;17;0;0;4
1;60;18;0;2;6
1;60;19;0;6;0
1;60;20;1;1;0
1;60;21;1;3;8
1;60;22;2;4;0
1;60;23;2;3;14
1;60;24;1;6;2
1;60;25;0;0;1
1;60;26;1;1;0
1;60;27;2;0;4
1;60;28;0;0;1
1;60;29;1;8;0
1;60;30;1;2;5
1;61;1;1;11;2
1;61;2;0;3;0
1;61;3;0;0;8
1;61;4;0;0;2
1;61;5;0;0;0
1;61;6;1;2;13
1;61;7;1;0;8
1;61;8;0;2;8
1;61;9;0;6;2
1;61;10;1;7;1
1;61;11;0;0;1
1;61;12;0;0;7
1;61;13;2;9;14
1;61;14;0;2;7
1;61;15;0;0;3
1;61;16;0;4;3
1;61;17;2;1;8
1;61;18;0;1;0
1;61;19;1;1;0
1;61;20;1;4;4
1;61;21;0;4;0
1;61;22;0;0;0
1;61;23;0;0;0
1;61;24;2;5;3
1;61;25;0;11;2
1;61;26;1;0;6
1;61;27;0;0;8
1;61;28;1;8;12
1;61;29;1;1;3
1;61;30;0;1;5
1;62;1;2;2;2
1;62;2;1;1;1
1;62;3;0;1;0
1;62;4;0;2;0
1;62;5;1;5;1
1;62;6;1;14;4
1;62;7;1;1;0
1;62;8;1;0;1
1;62;9;0;2;1
1;62;10;0;13;0
1;62;11;3;1;0
1;62;12;0;2;12
1;62;13;1;0;1
1;62;14;0;0;3
1;62;15;0;0;1
1;62;16;3;5;7
1;62;17;0;3;10
1;62;18;1;6;13
1;62;19;2;0;1
1;62;20;0;0;3
1;62;21;0;16;1
1;62;22;1;0;0
1;62;23;0;0;10
1;62;24;0;1;1
1;62;25;0;0;9
1;62;26;0;0;12
1;62;27;0;0;4
1;62;28;0;4;0
1;62;29;0;0;1
1;62;30;0;0;11
1;63;1;0;12;0
1;63;2;0;2;0
1;63;3;1;2;1
1;63;4;3;5;6
1;63;5;0;0;3
1;63;6;1;9;1
1;63;7;0;6;3
1;63;8;2;3;3
1;63;9;0;0;6
1;63;10;0;2;0
1;63;11;1;4;0
1;63;12;1;3;0
1;63;13;0;0;0
1;63;14;0;1;0
1;63;15;0;1;6
1;63;16;0;8;0
1;63;17;2;1;1
1;63;18;0;0;5
1;63;19;0;2;7
1;63;20;0;4;12
1;63;21;0;13;0
1;63;22;1;0;1
1;63;23;0;11;1
1;63;24;0;4;0
1;63;25;0;9;4
1;63;26;0;1;2
1;63;27;0;1;0
1;63;28;0;10;0
1;63;29;0;2;0
1;63;30;0;2;0
1;64;1;1;3;15
1;64;2;3;1;0
1;64;3;0;1;5
1;64;4;1;0;0
1;64;5;0;0;4
1;64;6;0;0;5
1;64;7;0;3;0
1;64;8;3;1;10
1;64;9;0;12;0
1;64;10;0;3;2
1;64;11;0;1;1
1;64;12;0;0;2
1;64;13;2;7;3
1;64;14;1;2;2
1;64;15;0;10;7
1;64;16;0;0;0
1;64;17;0;0;1
1;64;18;0;2;16
1;64;19;0;4;0
1;64;20;1;3;0
1;64;21;0;9;1
1;64;22;0;0;5
1;64;23;1;3;14
1;64;24;0;0;8
1;64;25;2;0;4
1;64;26;1;0;0
1;64;27;1;0;0
1;64;28;0;2;5
1;64;29;0;1;1
1;64;30;0;6;0
1;65;1;1;1;6
1;65;2;1;4;9
1;65;3;0;3;0
1;65;4;0;0;1
1;65;5;0;5;0
1;65;6;0;0;1
1;65;7;2;1;11
1;65;8;0;1;5
1;65;9;1;7;10
1;65;10;1;1;3
1;65;11;0;3;1
1;65;12;0;1;8
1;65;13;1;0;0
1;65;14;3;1;0
1;65;15;0;10;2
1;65;16;0;11;0
1;65;17;1;5;0
1;65;18;0;3;1
1;65;19;2;0;2
1;65;20;0;13;0
1;65;21;0;2;0
1;65;22;1;0;9
1;65;23;1;0;0
1;65;24;3;10;3
1;65;25;1;6;0
1;65;26;1;0;11
1;65;27;3;6;6
1;65;28;0;2;3
1;65;29;1;0;6
1;65;30;0;0;1
1;66;1;1;7;11
1;66;2;0;1;1
1;66;3;0;12;1
1;66;4;2;0;10
1;66;5;0;1;4
1;66;6;2;11;2
1;66;7;3;2;7
1;66;8;1;2;3
1;66;9;3;1;2
1;66;10;0;6;0
1;66;11;0;2;3
1;66;12;1;11;2
1;66;13;0;1;2
1;66;14;1;13;0
1;66;15;0;2;2
1;66;16;1;5;5
1;66;17;1;0;6
1;66;18;4;13;5
1;66;19;1;1;8
1;66;20;2;12;4
1;66;21;3;2;1
1;66;22;0;9;1
1;66;23;1;12;0
1;66;24;0;1;0
1;66;25;2;1;3
1;66;26;0;2;7
1;66;27;1;2;1
1;66;28;0;0;2
1;66;29;0;0;5
1;66;30;0;0;1
1;67;1;2;1;0
1;67;2;3;9;0
1;67;3;0;3;0
1;67;4;0;2;4
1;67;5;0;0;2
1;67;6;0;0;3
1;67;7;1;0;0
1;67;8;1;1;0
1;67;9;2;1;0
1;67;10;1;0;0
1;67;11;1;1;2
1;67;12;1;2;1
1;67;13;0;5;3
1;67;14;0;0;0
1;67;15;0;1;12
1;67;16;1;0;6
1;67;17;2;2;8
1;67;18;0;18;8
1;67;19;0;3;0
1;67;20;3;0;2
1;67;21;0;2;1
1;67;22;0;0;13
1;67;23;0;0;0
1;67;24;0;1;0
1;67;25;0;1;7
1;67;26;1;0;1
1;67;27;0;5;0
1;67;28;0;5;1
1;67;29;1;4;0
1;67;30;1;12;3
1;68;1;0;4;0
1;68;2;1;0;1
1;68;3;0;1;0
1;68;4;1;4;4
1;68;5;0;2;2
1;68;6;0;0;11
1;68;7;0;7;4
1;68;8;0;9;1
1;68;9;1;9;3
1;68;10;2;0;2
1;68;11;0;2;1
1;68;12;0;8;0
1;68;13;0;2;6
1;68;14;0;0;8
1;68;15;0;0;2
1;68;16;1;0;1
1;68;17;1;2;1
1;68;18;0;10;3
1;68;19;1;2;0
1;68;20;0;1;8
1;68;21;0;0;0
1;68;22;0;3;3
1;68;23;0;4;3
1;68;24;2;0;0
1;68;25;0;4;0
1;68;26;0;0;1
1;68;27;0;0;12
1;68;28;0;0;6
1;68;29;0;0;0
1;68;30;0;0;2
1;69;1;1;2;10
1;69;2;2;0;2
1;69;3;1;9;2
1;69;4;0;0;0
1;69;5;0;0;0
1;69;6;1;0;0
1;69;7;0;6;1
1;69;8;0;12;1
1;69;9;0;5;0
1;69;10;1;0;0
1;69;11;0;0;1
1;69;12;0;0;3
1;69;13;2;1;9
1;69;14;0;0;3
1;69;15;0;2;1
1;69;16;1;1;5
1;69;17;1;0;1
1;69;18;0;0;2
1;69;19;0;3;3
1;69;20;1;0;0
1;69;21;0;0;1
1;69;22;0;7;0
1;69;23;0;1;2
1;69;24;1;0;0
1;69;25;1;1;2
1;69;26;0;11;3
1;69;27;1;0;0
1;69;28;0;1;0
1;69;29;0;0;0
1;69;30;0;0;17
1;70;1;1;2;4
1;70;2;0;3;1
1;70;3;1;0;0
1;70;4;0;16;0
1;70;5;0;14;0
1;70;6;0;5;1
1;70;7;1;3;0
1;70;8;1;0;2
1;70;9;0;12;1
1;70;10;0;2;1
1;70;11;2;2;0
1;70;12;0;0;12
1;70;13;0;6;0
1;70;14;0;4;1
1;70;15;2;2;3
1;70;16;1;8;3
1;70;17;1;12;3
1;70;18;0;0;0
1;70;19;0;6;2
1;70;20;0;10;0
1;70;21;0;0;0
1;70;22;0;0;0
1;70;23;0;0;10
1;70;24;0;0;1
1;70;25;0;1;4
1;70;26;0;6;3
1;70;27;0;11;0
1;70;28;1;0;0
1;70;29;0;0;0
1;70;30;0;2;0
1;71;1;0;2;0
1;71;2;1;1;9
1;71;3;0;0;6
1;71;4;0;0;1
1;71;5;2;0;0
1;71;6;3;3;2
1;71;7;0;3;0
1;71;8;0;5;0
1;71;9;1;5;0
1;71;10;1;18;4
1;71;11;2;8;11
1;71;12;1;0;3
1;71;13;0;5;6
1;71;14;0;0;11
1;71;15;0;10;1
1;71;16;0;5;3
1;71;17;0;7;5
1;71;18;0;2;0
1;71;19;1;1;5
1;71;20;1;3;1
1;71;21;1;11;0
1;71;22;1;1;4
1;71;23;2;4;3
1;71;24;0;1;2
1;71;25;2;9;0
1;71;26;1;1;6
1;71;27;0;4;4
1;71;28;0;1;10
1;71;29;0;2;3
1;71;30;0;0;2
1;72;1;0;0;0
1;72;2;0;0;0
1;72;3;0;1;0
1;72;4;0;4;0
1;72;5;2;9;0
1;72;6;2;0;5
1;72;7;0;0;5
1;72;8;2;2;0
1;72;9;1;0;1
1;72;10;1;2;1
1;72;11;1;3;6
1;72;12;0;2;2
1;72;13;0;1;12
1;72;14;0;0;0
1;72;15;0;1;4
1;72;16;1;14;0
1;72;17;1;2;10
1;72;18;0;6;0
1;72;19;0;0;3
1;72;20;1;12;0
1;72;21;2;0;1
1;72;22;1;10;1
1;72;23;3;3;3
1;72;24;1;2;12
1;72;25;5;2;1
1;72;26;0;17;2
1;72;27;0;1;13
1;72;28;0;0;7
1;72;29;0;4;0
1;72;30;1;0;2
1;73;1;4;7;0
1;73;2;1;0;0
1;73;3;1;5;1
1;73;4;0;6;3
1;73;5;1;9;1
1;73;6;0;0;7
1;73;7;1;7;6
1;73;8;0;0;3
1;73;9;1;1;0
1;73;10;1;5;0
1;73;11;0;0;6
1;73;12;0;2;6
1;73;13;1;10;1
1;73;14;0;0;3
1;73;15;0;2;5
1;73;16;1;1;1
1;73;17;1;5;0
1;73;18;0;1;0
1;73;19;0;5;15
1;73;20;0;2;3
1;73;21;2;5;5
1;73;22;1;1;1
1;73;23;1;4;1
1;73;24;1;3;3
1;73;25;1;15;2
1;73;26;0;5;13
1;73;27;0;2;0
1;73;28;0;0;5
1;73;29;1;0;1
1;73;30;0;4;10
1;74;1;1;1;1
1;74;2;0;10;2
1;74;3;0;0;0
1;74;4;0;4;19
1;74;5;0;0;0
1;74;6;0;1;1
1;74;7;0;8;0
1;74;8;0;0;15
1;74;9;1;1;18
1;74;10;0;4;4
1;74;11;0;1;0
1;74;12;0;9;2
1;74;13;1;10;2
1;74;14;0;1;0
1;74;15;0;0;14
1;74;16;0;3;0
1;74;17;0;1;0
1;74;18;1;3;13
1;74;19;3;0;0
1;74;20;0;1;4
1;74;21;0;1;5
1;74;22;0;0;6
1;74;23;1;2;2
1;74;24;1;8;7
1;74;25;0;2;16
1;74;26;0;3;3
1;74;27;1;12;2
1;74;28;0;0;6
1;74;29;0;1;11
1;74;30;0;1;5
1;75;1;4;6;5
1;75;2;2;2;5
1;75;3;0;0;1
1;75;4;1;1;1
1;75;5;0;0;0
1;75;6;2;0;1
1;75;7;1;1;0
1;75;8;0;1;8
1;75;9;0;1;3
1;75;10;0;4;5
1;75;11;2;0;0
1;75;12;0;3;0
1;75;13;0;1;0
1;75;14;0;4;0
1;75;15;0;0;6
1;75;16;0;0;0
1;75;17;4;0;6
1;75;18;0;0;2
1;75;19;0;1;1
1;75;20;4;7;5
1;75;21;0;1;2
1;75;22;0;6;1
1;75;23;4;1;0
1;75;24;0;3;1
1;75;25;0;3;7
1;75;26;1;2;0
1;75;27;1;2;4
1;75;28;0;0;1
1;75;29;0;0;0
1;75;30;0;0;0
1;76;1;0;6;0
1;76;2;0;2;1
1;76;3;0;2;7
1;76;4;1;11;0
1;76;5;1;0;3
1;76;6;0;0;9
1;76;7;1;10;6
1;76;8;1;8;6
1;76;9;0;2;0
1;76;10;0;4;1
1;76;11;1;1;0
1;76;12;1;7;3
1;76;13;2;0;1
1;76;14;0;0;6
1;76;15;1;0;4
1;76;16;0;0;1
1;76;17;0;0;0
1;76;18;1;0;0
1;76;19;0;14;4
1;76;20;0;5;3
1;76;21;1;5;4
1;76;22;0;3;8
1;76;23;0;2;2
1;76;24;0;1;4
1;76;25;1;0;6
1;76;26;0;5;0
1;76;27;0;1;0
1;76;28;0;1;0
1;76;29;1;1;7
1;76;30;0;7;3
1;77;1;0;12;4
1;77;2;3;1;12
1;77;3;2;1;1
1;77;4;1;4;4
1;77;5;1;6;0
1;77;6;1;0;0
1;77;7;2;11;5
1;77;8;0;1;16
1;77;9;4;0;0
1;77;10;0;2;0
1;77;11;0;4;1
1;77;12;3;2;5
1;77;13;1;1;1
1;77;14;3;0;4
1;77;15;0;12;2
1;77;16;0;0;6
1;77;17;0;0;0
1;77;18;0;2;11
1;77;19;0;0;0
1;77;20;1;1;4
1;77;21;1;2;0
1;77;22;0;0;1
1;77;23;0;1;0
1;77;24;4;4;4
1;77;25;0;12;0
1;77;26;2;9;14
1;77;27;0;0;0
1;77;28;0;3;0
1;77;29;0;1;10
1;77;30;1;0;0
1;78;1;0;4;3
1;78;2;0;4;3
1;78;3;1;0;2
1;78;4;0;2;0
1;78;5;1;3;0
1;78;6;0;2;4
1;78;7;2;9;1
1;78;8;1;0;10
1;78;9;0;2;3
1;78;10;0;5;0
1;78;11;1;14;1
1;78;12;0;0;0
1;78;13;0;0;3
1;78;14;0;10;0
1;78;15;0;3;0
1;78;16;3;0;1
1;78;17;2;17;6
1;78;18;1;12;0
1;78;19;0;3;5
1;78;20;2;15;0
1;78;21;0;7;2
1;78;22;2;0;1
1;78;23;0;0;0
1;78;24;0;0;2
1;78;25;0;0;0
1;78;26;1;0;0
1;78;27;0;0;0
1;78;28;1;0;0
1;78;29;2;0;1
1;78;30;0;13;2
1;79;1;0;3;2
1;79;2;1;0;4
1;79;3;0;1;2
1;79;4;0;1;3
1;79;5;0;2;8
1;79;6;1;0;3
1;79;7;0;15;1
1;79;8;0;2;3
1;79;9;0;0;0
1;79;10;2;5;1
1;79;11;1;1;8
1;79;12;0;1;6
1;79;13;0;13;6
1;79;14;0;15;1
1;79;15;0;0;1
1;79;16;0;2;5
1;79;17;0;4;1
1;79;18;1;3;4
1;79;19;0;4;2
1;79;20;0;0;13
1;79;21;1;1;0
1;79;22;0;0;5
1;79;23;0;1;0
1;79;24;0;1;12
1;79;25;0;1;5
1;79;26;1;3;6
1;79;27;0;2;0
1;79;28;1;12;14
1;79;29;1;3;9
1;79;30;1;4;9
1;80;1;0;5;3
1;80;2;0;11;0
1;80;3;1;3;1
1;80;4;0;2;1
1;80;5;3;0;0
1;80;6;1;6;0
1;80;7;1;2;10
1;80;8;2;1;0
1;80;9;0;1;1
1;80;10;0;0;4
1;80;11;5;12;12
1;80;12;1;0;14
1;80;13;0;0;0
1;80;14;0;0;5
1;80;15;0;0;7
1;80;16;0;7;0
1;80;17;2;1;11
1;80;18;0;5;10
1;80;19;0;9;0
1;80;20;4;2;0
1;80;21;0;4;0
1;80;22;1;4;0
1;80;23;2;5;4
1;80;24;2;1;1
1;80;25;0;5;1
1;80;26;2;11;0
1;80;27;0;0;0
1;80;28;0;1;3
1;80;29;0;9;0
1;80;30;0;1;13
1;81;1;0;3;4
1;81;2;0;2;7
1;81;3;0;0;0
1;81;4;1;2;13
1;81;5;0;2;1
1;81;6;0;0;1
1;81;7;0;2;16
1;81;8;1;1;2
1;81;9;0;3;1
1;81;10;2;2;0
1;81;11;1;2;4
1;81;12;0;2;0
1;81;13;1;3;5
1;81;14;0;5;2
1;81;15;0;14;1
1;81;16;2;0;4
1;81;17;0;3;0
1;81;18;1;3;0
1;81;19;3;6;0
1;81;20;2;4;5
1;81;21;0;0;2
1;81;22;0;10;0
1;81;23;3;5;0
1;81;24;1;0;0
1;81;25;0;6;2
1;81;26;2;0;0
1;81;27;0;4;5
1;81;28;0;0;5
1;81;29;1;4;1
1;81;30;0;1;6
1;82;1;1;1;0
1;82;2;0;1;0
1;82;3;2;11;0
1;82;4;0;1;0
1;82;5;0;0;14
1;82;6;2;0;3
1;82;7;3;6;3
1;82;8;0;6;3
1;82;9;1;1;1
1;82;10;2;2;5
1;82;11;0;4;7
1;82;12;1;0;3
1;82;13;0;0;1
1;82;14;1;4;13
1;82;15;1;1;6
1;82;16;1;3;1
1;82;17;1;0;3
1;82;18;0;0;1
1;82;19;2;4;1
1;82;20;1;5;0
1;82;21;1;0;0
1;82;22;0;3;0
1;82;23;1;0;0
1;82;24;0;1;5
1;82;25;1;5;14
1;82;26;1;1;0
1;82;27;1;1;10
1;82;28;0;3;10
1;82;29;0;0;12
1;82;30;1;4;2
1;83;1;1;9;1
1;83;2;1;0;0
1;83;3;1;0;5
1;83;4;1;0;3
1;83;5;0;3;3
1;83;6;1;0;0
1;83;7;0;4;1
1;83;8;0;0;0
1;83;9;0;1;0
1;83;10;0;0;1
1;83;11;0;0;0
1;83;12;2;0;0
1;83;13;2;14;2
1;83;14;1;7;0
1;83;15;0;1;9
1;83;16;0;0;14
1;83;17;2;6;2
1;83;18;1;1;1
1;83;19;0;0;10
1;83;20;2;3;13
1;83;21;1;0;3
1;83;22;1;2;17
1;83;23;1;4;4
1;83;24;0;0;9
1;83;25;0;0;2
1;83;26;0;0;0
1;83;27;0;1;3
1;83;28;0;5;1
1;83;29;0;2;0
1;83;30;1;2;0
1;84;1;0;1;2
1;84;2;0;1;0
1;84;3;1;0;0
1;84;4;1;3;5
1;84;5;3;8;0
1;84;6;1;0;0
1;84;7;1;1;1
1;84;8;1;3;14
1;84;9;0;2;1
1;84;10;1;4;1
1;84;11;0;10;2
1;84;12;0;0;10
1;84;13;0;4;0
1;84;14;2;0;4
1;84;15;0;0;16
1;84;16;1;5;0
1;84;17;1;0;6
1;84;18;2;3;13
1;84;19;0;4;11
1;84;20;0;8;0
1;84;21;0;3;3
1;84;22;1;0;1
1;84;23;2;5;5
1;84;24;1;5;10
1;84;25;2;10;1
1;84;26;0;6;0
1;84;27;0;3;12
1;84;28;5;2;8
1;84;29;3;5;6
1;84;30;2;0;0
1;85;1;0;0;0
1;85;2;0;5;3
1;85;3;3;2;0
1;85;4;0;1;0
1;85;5;1;1;1
1;85;6;0;4;2
1;85;7;1;5;10
1;85;8;0;2;7
1;85;9;0;0;1
1;85;10;0;7;1
1;85;11;1;6;2
1;85;12;1;4;3
1;85;13;1;4;9
1;85;14;1;0;3
1;85;15;0;2;5
1;85;16;0;0;0
1;85;17;0;0;2
1;85;18;2;1;8
1;85;19;0;0;1
1;85;20;0;1;1
1;85;21;0;3;4
1;85;22;0;0;2
1;85;23;2;0;0
1;85;24;0;0;8
1;85;25;0;0;1
1;85;26;0;1;9
1;85;27;0;0;8
1;85;28;1;1;3
1;85;29;0;5;5
1;85;30;0;8;0
1;86;1;0;1;1
1;86;2;1;1;0
1;86;3;1;0;4
1;86;4;0;1;0
1;86;5;2;3;4
1;86;6;0;0;2
1;86;7;0;3;1
1;86;8;0;0;1
1;86;9;0;6;0
1;86;10;0;5;2
1;86;11;2;0;8
1;86;12;0;0;3
1;86;13;0;1;2
1;86;14;1;4;5
1;86;15;3;3;9
1;86;16;1;11;0
1;86;17;0;0;2
1;86;18;0;1;8
1;86;19;0;0;9
1;86;20;2;0;7
1;86;21;0;1;0
1;86;22;0;2;14
1;86;23;1;7;12
1;86;24;2;7;6
1;86;25;1;6;0
1;86;26;0;2;6
1;86;27;2;9;8
1;86;28;0;1;3
1;86;29;1;0;2
1;86;30;2;0;0
1;87;1;1;2;1
1;87;2;0;0;2
1;87;3;2;2;7
1;87;4;0;1;1
1;87;5;3;0;0
1;87;6;1;0;2
1;87;7;0;1;2
1;87;8;0;1;0
1;87;9;1;0;0
1;87;10;2;5;2
1;87;11;1;2;0
1;87;12;1;0;0
1;87;13;1;0;0
1;87;14;0;1;0
1;87;15;1;1;0
1;87;16;0;0;3
1;87;17;0;2;6
1;87;18;0;12;1
1;87;19;1;0;6
1;87;20;0;0;3
1;87;21;1;1;6
1;87;22;1;14;0
1;87;23;0;0;5
1;87;24;0;3;0
1;87;25;2;1;1
1;87;26;0;4;0
1;87;27;0;0;7
1;87;28;0;6;4
1;87;29;0;11;3
1;87;30;0;1;20
1;88;1;0;0;1
1;88;2;0;1;4
1;88;3;0;5;0
1;88;4;0;16;2
1;88;5;0;4;3
1;88;6;0;14;1
1;88;7;0;2;0
1;88;8;1;4;1
1;88;9;2;0;4
1;88;10;0;1;1
1;88;11;0;0;13
1;88;12;0;0;0
1;88;13;1;1;3
1;88;14;2;7;7
1;88;15;0;1;7
1;88;16;1;1;5
1;88;17;0;1;4
1;88;18;0;3;2
1;88;19;1;3;0
1;88;20;1;0;0
1;88;21;1;3;5
1;88;22;0;14;0
1;88;23;0;1;4
1;88;24;3;1;3
1;88;25;1;3;0
1;88;26;0;3;4
1;88;27;0;9;0
1;88;28;0;15;0
1;88;29;3;5;3
1;88;30;0;2;0
1;89;1;1;12;5
1;89;2;0;10;2
1;89;3;0;0;4
1;89;4;0;11;0
1;89;5;0;3;0
1;89;6;0;1;0
1;89;7;1;0;4
1;89;8;0;3;1
1;89;9;0;2;0
1;89;10;0;1;4
1;89;11;4;1;1
1;89;12;1;0;1
1;89;13;0;3;0
1;89;14;0;6;0
1;89;15;0;7;1
1;89;16;1;2;6
1;89;17;0;0;9
1;89;18;0;0;3
1;89;19;0;0;1
1;89;20;0;4;1
1;89;21;0;1;1
1;89;22;2;0;7
1;89;23;0;2;0
1;89;24;3;4;0
1;89;25;0;1;7
1;89;26;0;1;1
1;89;27;0;9;5
1;89;28;0;2;1
1;89;29;0;6;0
1;89;30;1;1;1
1;90;1;1;0;5
1;90;2;1;1;2
1;90;3;0;1;0
1;90;4;0;0;0
1;90;5;1;0;12
1;90;6;0;0;15
1;90;7;0;2;1
1;90;8;0;3;2
1;90;9;0;6;1
1;90;10;0;10;0
1;90;11;1;4;0
1;90;12;1;10;4
1;90;13;0;6;0
1;90;14;0;1;1
1;90;15;0;1;4
1;90;16;1;0;11
1;90;17;0;2;1
1;90;18;1;0;2
1;90;19;0;0;1
1;90;20;0;1;0
1;90;21;0;3;7
1;90;22;0;4;1
1;90;23;0;0;12
1;90;24;0;1;3
1;90;25;0;11;0
1;90;26;0;0;4
1;90;27;0;3;2
1;90;28;1;0;8
1;90;29;0;0;15
1;90;30;0;0;0
1;91;1;0;0;0
1;91;2;0;15;0
1;91;3;1;4;3
1;91;4;1;0;1
1;91;5;1;1;2
1;91;6;0;0;1
1;91;7;0;0;2
1;91;8;1;2;0
1;91;9;0;6;0
1;91;10;0;10;2
1;91;11;1;0;10
1;91;12;0;0;13
1;91;13;1;0;2
1;91;14;0;0;0
1;91;15;0;0;5
1;91;16;1;16;0
1;91;17;0;0;0
1;91;18;0;2;2
1;91;19;0;8;0
1;91;20;2;11;2
1;91;21;1;0;0
1;91;22;0;1;2
1;91;23;0;0;13
1;91;24;0;0;1
1;91;25;1;0;11
1;91;26;0;2;1
1;91;27;1;0;0
1;91;28;0;3;0
1;91;29;0;1;2
1;91;30;2;5;1
1;92;1;1;3;4
1;92;2;3;11;8
1;92;3;1;1;7
1;92;4;0;0;1
1;92;5;0;0;8
1;92;6;2;0;4
1;92;7;0;1;13
1;92;8;0;0;4
1;92;9;2;1;5
1;92;10;1;0;1
1;92;11;0;0;1
1;92;12;0;4;0
1;92;13;0;6;2
1;92;14;0;1;1
1;92;15;1;0;0
1;92;16;0;0;0
1;92;17;0;14;5
1;92;18;0;16;4
1;92;19;1;2;2
1;92;20;2;1;2
1;92;21;0;14;10
1;92;22;0;6;2
1;92;23;0;1;1
1;92;24;0;1;0
1;92;25;0;1;6
1;92;26;0;0;0
1;92;27;0;3;8
1;92;28;0;15;1
1;92;29;1;15;4
1;92;30;0;3;4
1;93;1;0;3;8
1;93;2;0;4;2
1;93;3;0;1;1
1;93;4;0;6;3
1;93;5;3;6;2
1;93;6;0;1;4
1;93;7;1;0;1
1;93;8;1;4;4
1;93;9;1;12;0
1;93;10;1;15;4
1;93;11;3;12;2
1;93;12;0;0;3
1;93;13;0;3;1
1;93;14;1;0;0
1;93;15;0;0;13
1;93;16;0;5;1
1;93;17;1;2;3
1;93;18;0;2;3
1;93;19;1;0;9
1;93;20;0;1;2
1;93;21;1;0;3
1;93;22;0;4;8
1;93;23;0;17;0
1;93;24;1;3;11
1;93;25;0;1;3
1;93;26;1;0;1
1;93;27;1;1;0
1;93;28;1;1;5
1;93;29;1;6;1
1;93;30;1;0;2
1;94;1;0;2;10
1;94;2;2;1;0
1;94;3;0;0;0
1;94;4;0;0;4
1;94;5;2;3;4
1;94;6;0;0;1
1;94;7;0;14;3
1;94;8;0;1;0
1;94;9;0;4;6
1;94;10;1;5;1
1;94;11;0;3;12
1;94;12;1;0;0
1;94;13;1;2;6
1;94;14;1;3;2
1;94;15;0;3;12
1;94;16;0;4;4
1;94;17;0;6;5
1;94;18;0;0;0
1;94;19;0;1;4
1;94;20;0;11;2
1;94;21;1;2;2
1;94;22;0;0;1
1;94;23;2;0;8
1;94;24;0;0;2
1;94;25;2;8;3
1;94;26;0;4;1
1;94;27;2;0;8
1;94;28;0;0;0
1;94;29;1;3;0
1;94;30;0;0;13
1;95;1;0;2;1
1;95;2;0;1;1
1;95;3;0;13;2
1;95;4;1;0;0
1;95;5;0;4;3
1;95;6;1;4;0
1;95;7;0;11;0
1;95;8;0;6;2
1;95;9;0;4;5
1;95;10;0;0;2
1;95;11;1;12;2
1;95;12;0;2;5
1;95;13;0;2;3
1;95;14;0;2;2
1;95;15;0;2;0
1;95;16;0;2;0
1;95;17;2;1;13
1;95;18;0;2;1
1;95;19;2;0;14
1;95;20;0;0;0
1;95;21;1;2;8
1;95;22;3;3;4
1;95;23;2;2;0
1;95;24;0;0;3
1;95;25;2;2;10
1;95;26;0;0;12
1;95;27;1;1;2
1;95;28;0;0;5
1;95;29;1;9;2
1;95;30;0;10;0
1;96;1;1;1;1
1;96;2;1;3;14
1;96;3;0;1;0
1;96;4;3;1;0
1;96;5;1;4;1
1;96;6;0;1;15
1;96;7;1;5;9
1;96;8;1;0;0
1;96;9;1;0;1
1;96;10;0;8;1
1;96;11;0;0;2
1;96;12;1;0;7
1;96;13;0;4;1
1;96;14;1;0;3
1;96;15;0;0;1
1;96;16;0;9;8
1;96;17;0;0;5
1;96;18;4;9;11
1;96;19;0;2;13
1;96;20;0;1;1
1;96;21;0;0;17
1;96;22;0;8;4
1;96;23;0;0;0
1;96;24;1;0;2
1;96;25;1;0;0
1;96;26;0;2;2
1;96;27;0;3;0
1;96;28;0;0;1
1;96;29;1;1;2
1;96;30;0;9;4
1;97;1;0;2;4
1;97;2;2;1;0
1;97;3;0;14;0
1;97;4;1;7;4
1;97;5;2;2;5
1;97;6;2;0;1
1;97;7;2;0;8
1;97;8;0;2;3
1;97;9;1;1;1
1;97;10;0;4;3
1;97;11;1;0;6
1;97;12;1;1;0
1;97;13;0;0;11
1;97;14;1;1;2
1;97;15;1;1;1
1;97;16;0;0;10
1;97;17;0;9;1
1;97;18;0;0;13
1;97;19;2;5;1
1;97;20;0;5;4
1;97;21;0;2;1
1;97;22;0;1;0
1;97;23;0;14;12
1;97;24;1;1;3
1;97;25;0;0;2
1;97;26;0;3;4
1;97;27;0;0;3
1;97;28;1;4;12
1;97;29;0;0;3
1;97;30;0;0;8
1;98;1;1;0;3
1;98;2;2;1;12
1;98;3;0;2;1
1;98;4;0;0;6
1;98;5;1;0;1
1;98;6;0;5;0
1;98;7;0;1;3
1;98;8;0;1;1
1;98;9;5;11;4
1;98;10;1;2;0
1;98;11;5;8;3
1;98;12;0;7;2
1;98;13;0;0;4
1;98;14;0;7;1
1;98;15;1;0;9
1;98;16;0;1;2
1;98;17;0;1;6
1;98;18;2;8;1
1;98;19;0;0;0
1;98;20;1;0;0
1;98;21;0;0;1
1;98;22;0;0;0
1;98;23;2;5;1
1;98;24;1;3;1
1;98;25;0;2;0
1;98;26;1;11;0
1;98;27;0;0;2
1;98;28;0;0;0
1;98;29;0;1;3
1;98;30;0;2;1
1;99;1;0;1;0
1;99;2;3;0;0
1;99;3;1;5;0
1;99;4;1;10;4
1;99;5;2;2;0
1;99;6;0;0;7
1;99;7;1;4;2
1;99;8;1;0;1
1;99;9;0;3;2
1;99;10;2;0;0
1;99;11;0;1;7
1;99;12;0;2;1
1;99;13;0;4;3
1;99;14;1;2;4
1;99;15;1;1;0
1;99;16;2;1;0
1;99;17;0;6;4
1;99;18;1;2;9
1;99;19;0;11;0
1;99;20;2;1;5
1;99;21;1;0;0
1;99;22;2;3;11
1;99;23;1;2;11
1;99;24;0;0;3
1;99;25;0;6;4
1;99;26;2;0;1
1;99;27;1;9;0
1;99;28;0;3;1
1;99;29;0;10;1
1;99;30;4;0;0
1;100;1;0;14;0
1;100;2;0;5;2
1;100;3;0;1;1
1;100;4;1;3;2
1;100;5;0;1;6
1;100;6;2;1;7
1;100;7;0;13;1
1;100;8;1;0;5
1;100;9;0;2;2
1;100;10;1;7;1
1;100;11;1;1;13
1;100;12;1;0;4
1;100;13;1;2;0
1;100;14;0;6;0
1;100;15;0;11;1
1;100;16;2;8;3
1;100;17;0;5;2
1;100;18;1;2;6
1;100;19;3;8;4
1;100;20;1;0;1
1;100;21;0;1;14
1;100;22;2;0;1
1;100;23;0;12;0
1;100;24;1;9;5
1;100;25;2;3;1
1;100;26;0;0;4
1;100;27;0;0;10
1;100;28;1;4;6
1;100;29;0;18;13
1;100;30;0;3;3
1;101;1;0;6;0
1;101;2;0;2;9
1;101;3;0;0;0
1;101;4;1;4;0
1;101;5;2;2;2
1;101;6;1;4;6
1;101;7;1;0;2
1;101;8;0;4;5
1;101;9;1;4;5
1;101;10;0;0;5
1;101;11;0;5;1
1;101;12;0;14;0
1;101;13;1;0;1
1;101;14;0;0;3
1;101;15;0;2;0
1;101;16;0;10;1
1;101;17;0;2;0
1;101;18;0;11;5
1;101;19;1;1;0
1;101;20;0;6;0
1;101;21;0;8;3
1;101;22;0;1;1
1;101;23;1;0;1
1;101;24;1;0;4
1;101;25;0;2;8
1;101;26;0;0;1
1;101;27;0;3;0
1;101;28;1;3;0
1;101;29;0;0;3
1;101;30;0;5;0
1;102;1;0;3;16
1;102;2;0;8;1
1;102;3;2;0;1
1;102;4;2;2;10
1;102;5;0;1;1
1;102;6;0;0;1
1;102;7;0;0;3
1;102;8;1;12;5
1;102;9;1;6;1
1;102;10;0;0;1
1;102;11;0;0;0
1;102;12;0;0;0
1;102;13;1;0;0
1;102;14;0;6;1
1;102;15;0;13;4
1;102;16;1;6;2
1;102;17;0;0;3
1;102;18;2;1;4
1;102;19;1;9;0
1;102;20;0;13;1
1;102;21;0;0;3
1;102;22;4;12;13
1;102;23;0;4;1
1;102;24;1;0;2
1;102;25;0;0;9
1;102;26;1;0;2
1;102;27;0;0;4
1;102;28;0;0;1
1;102;29;1;1;0
1;102;30;0;10;3
1;103;1;1;6;1
1;103;2;2;1;6
1;103;3;0;1;1
1;103;4;0;0;1
1;103;5;0;1;5
1;103;6;0;0;3
1;103;7;0;2;4
1;103;8;1;3;0
1;103;9;1;2;5
1;103;10;1;7;0
1;103;11;0;0;10
1;103;12;0;8;1
1;103;13;1;0;7
1;103;14;2;3;4
1;103;15;0;0;5
1;103;16;1;0;8
1;103;17;2;1;2
1;103;18;0;1;3
1;103;19;0;2;1
1;103;20;2;6;2
1;103;21;3;1;5
1;103;22;0;0;6
1;103;23;0;12;1
1;103;24;0;5;5
1;103;25;0;0;5
1;103;26;0;12;0
1;103;27;0;1;0
1;103;28;0;0;1
1;103;29;2;3;2
1;103;30;0;1;0
1;104;1;0;0;3
1;104;2;1;1;2
1;104;3;0;0;0
1;104;4;0;1;6
1;104;5;2;1;8
1;104;6;0;2;10
1;104;7;1;0;3
1;104;8;2;10;2
1;104;9;1;3;0
1;104;10;0;12;3
1;104;11;1;3;10
1;104;12;0;15;7
1;104;13;1;1;1
1;104;14;0;1;2
1;104;15;0;0;1
1;104;16;2;8;10
1;104;17;1;4;5
1;104;18;0;5;2
1;104;19;0;0;0
1;104;20;0;0;2
1;104;21;0;14;4
1;104;22;0;0;3
1;104;23;1;0;0
1;104;24;0;0;0
1;104;25;0;8;0
1;104;26;1;6;0
1;104;27;1;3;2
1;104;28;0;0;0
1;104;29;3;7;6
1;104;30;1;9;5
1;105;1;0;2;0
1;105;2;5;0;10
1;105;3;0;0;0
1;105;4;0;3;1
1;105;5;1;10;0
1;105;6;1;3;10
1;105;7;0;0;2
1;105;8;0;4;2
1;105;9;2;0;3
1;105;10;0;0;0
1;105;11;1;0;13
1;105;12;0;6;10
1;105;13;0;0;6
1;105;14;1;0;1
1;105;15;0;2;1
1;105;16;1;10;10
1;105;17;0;1;3
1;105;18;0;1;0
1;105;19;0;0;2
1;105;20;1;2;3
1;105;21;1;4;0
1;105;22;1;2;3
1;105;23;3;0;10
1;105;24;0;9;3
1;105;25;0;0;4
1;105;26;0;0;0
1;105;27;4;7;3
1;105;28;0;2;0
1;105;29;0;0;0
1;105;30;0;1;1
1;106;1;1;2;0
1;106;2;4;2;3
1;106;3;2;5;9
1;106;4;0;0;0
1;106;5;0;1;4
1;106;6;1;0;3
1;106;7;0;0;0
1;106;8;0;7;0
1;106;9;3;4;15
1;106;10;0;8;2
1;106;11;0;3;0
1;106;12;0;0;5
1;106;13;0;5;3
1;106;14;1;2;4
1;106;15;0;1;9
1;106;16;1;12;9
1;106;17;1;5;1
1;106;18;1;0;11
1;106;19;1;1;8
1;106;20;0;0;0
1;106;21;0;0;4
1;106;22;0;1;6
1;106;23;1;2;0
1;106;24;1;6;0
1;106;25;0;2;0
1;106;26;0;4;0
1;106;27;0;3;10
1;106;28;2;2;3
1;106;29;0;2;0
1;106;30;0;0;0
1;107;1;2;0;0
1;107;2;0;6;2
1;107;3;1;0;0
1;107;4;0;4;0
1;107;5;1;0;0
1;107;6;2;0;0
1;107;7;0;6;14
1;107;8;0;1;0
1;107;9;2;1;0
1;107;10;1;0;0
1;107;11;0;3;0
1;107;12;0;5;0
1;107;13;0;1;3
1;107;14;1;5;10
1;107;15;2;11;3
1;107;16;0;2;0
1;107;17;2;0;7
1;107;18;0;1;13
1;107;19;0;4;2
1;107;20;0;9;3
1;107;21;3;1;2
1;107;22;5;1;4
1;107;23;1;1;0
1;107;24;3;0;1
1;107;25;0;2;5
1;107;26;2;3;10
1;107;27;2;5;2
1;107;28;3;8;8
1;107;29;0;4;0
1;107;30;0;9;5
1;108;1;1;6;15
1;108;2;3;3;2
1;108;3;1;1;2
1;108;4;1;14;4
1;108;5;0;0;0
1;108;6;2;0;4
1;108;7;1;12;0
1;108;8;0;4;5
1;108;9;0;0;0
1;108;10;0;0;0
1;108;11;0;0;10
1;108;12;2;11;2
1;108;13;0;1;1
1;108;14;0;8;5
1;108;15;1;9;1
1;108;16;0;0;5
1;108;17;0;4;7
1;108;18;1;1;11
1;108;19;0;6;1
1;108;20;3;7;2
1;108;21;0;0;12
1;108;22;0;1;2
1;108;23;0;0;0
1;108;24;0;0;5
1;108;25;0;0;7
1;108;26;0;3;0
1;108;27;0;1;1
1;108;28;0;2;0
1;108;29;2;1;1
1;108;30;0;0;2
1;109;1;0;0;0
1;109;2;0;0;3
1;109;3;1;9;7
1;109;4;0;6;0
1;109;5;0;1;2
1;109;6;0;4;1
1;109;7;0;15;1
1;109;8;0;2;0
1;109;9;1;1;0
1;109;10;0;3;0
1;109;11;0;3;1
1;109;12;1;5;4
1;109;13;0;0;8
1;109;14;1;3;6
1;109;15;1;0;2
1;109;16;0;1;8
1;109;17;0;5;7
1;109;18;0;9;7
1;109;19;2;4;0
1;109;20;0;5;4
1;109;21;0;2;3
1;109;22;2;8;0
1;109;23;0;5;1
1;109;24;1;3;1
1;109;25;2;1;0
1;109;26;1;0;1
1;109;27;0;0;8
1;109;28;0;0;2
1;109;29;0;1;1
1;109;30;0;1;3
1;110;1;0;2;0
1;110;2;2;10;5
1;110;3;1;0;3
1;110;4;0;4;1
1;110;5;0;1;4
1;110;6;1;3;3
1;110;7;3;13;7
1;110;8;0;4;4
1;110;9;0;3;0
1;110;10;0;5;1
1;110;11;1;3;12
1;110;12;0;1;0
1;110;13;0;0;2
1;110;14;0;1;2
1;110;15;0;0;8
1;110;16;0;1;4
1;110;17;0;5;0
1;110;18;0;1;6
1;110;19;3;4;5
1;110;20;0;5;2
1;110;21;0;1;1
1;110;22;0;0;5
1;110;23;0;4;14
1;110;24;1;12;8
1;110;25;0;1;6
1;110;26;0;8;1
1;110;27;0;0;10
1;110;28;1;0;2
1;110;29;1;0;2
1;110;30;0;3;0
1;111;1;0;2;0
1;111;2;0;0;0
1;111;3;1;0;10
1;111;4;1;3;0
1;111;5;0;7;0
1;111;6;0;2;0
1;111;7;0;0;3
1;111;8;0;1;1
1;111;9;1;6;3
1;111;10;1;3;3
1;111;11;1;1;6
1;111;12;1;2;1
1;111;13;1;1;1
1;111;14;0;0;5
1;111;15;0;4;11
1;111;16;0;0;2
1;111;17;2;2;1
1;111;18;0;0;0
1;111;19;0;16;0
1;111;20;1;1;0
1;111;21;0;9;0
1;111;22;1;0;3
1;111;23;0;1;3
1;111;24;2;0;1
1;111;25;0;1;0
1;111;26;1;1;6
1;111;27;2;0;13
1;111;28;3;4;2
1;111;29;0;10;0
1;111;30;3;8;4
1;112;1;2;2;15
1;112;2;0;3;1
1;112;3;2;1;1
1;112;4;1;0;2
1;112;5;0;1;6
1;112;6;0;1;10
1;112;7;3;4;2
1;112;8;0;0;12
1;112;9;1;2;8
1;112;10;0;0;1
1;112;11;0;6;1
1;112;12;0;0;0
1;112;13;0;7;2
1;112;14;1;1;0
1;112;15;0;1;1
1;112;16;0;1;0
1;112;17;1;0;2
1;112;18;2;6;2
1;112;19;0;0;1
1;112;20;0;2;4
1;112;21;0;0;0
1;112;22;0;5;0
1;112;23;0;2;0
1;112;24;1;1;0
1;112;25;2;9;0
1;112;26;0;4;2
1;112;27;0;9;0
1;112;28;0;6;0
1;112;29;1;0;5
1;112;30;0;2;5
1;113;1;1;11;0
1;113;2;1;3;3
1;113;3;0;1;1
1;113;4;0;0;0
1;113;5;0;1;0
1;113;6;0;1;0
1;113;7;1;0;5
1;113;8;1;4;0
1;113;9;0;1;3
1;113;10;0;3;3
1;113;11;0;0;2
1;113;12;2;2;6
1;113;13;0;2;3
1;113;14;2;0;0
1;113;15;0;0;12
1;113;16;0;2;0
1;113;17;0;0;3
1;113;18;2;0;2
1;113;19;1;14;0
1;113;20;2;0;0
1;113;21;0;1;1
1;113;22;1;0;0
1;113;23;1;4;1
1;113;24;2;0;2
1;113;25;0;4;0
1;113;26;0;0;8
1;113;27;1;1;0
1;113;28;1;3;0
1;113;29;2;1;0
1;113;30;0;2;1
1;114;1;0;2;2
1;114;2;0;2;6
1;114;3;0;5;3
1;114;4;1;3;0
1;114;5;1;0;1
1;114;6;0;9;0
1;114;7;0;3;6
1;114;8;0;3;3
1;114;9;0;1;0
1;114;10;3;8;1
1;114;11;0;7;4
1;114;12;0;0;2
1;114;13;2;0;10
1;114;14;0;5;0
1;114;15;1;15;0
1;114;16;0;3;4
1;114;17;2;1;2
1;114;18;2;11;0
1;114;19;1;1;7
1;114;20;1;2;4
1;114;21;0;0;2
1;114;22;0;0;7
1;114;23;1;2;10
1;114;24;0;6;1
1;114;25;0;9;0
1;114;26;1;0;7
1;114;27;0;0;10
1;114;28;0;3;4
1;114;29;0;0;0
1;114;30;0;9;0
1;115;1;2;3;2
1;115;2;2;1;11
1;115;3;0;0;8
1;115;4;1;3;5
1;115;5;0;0;1
1;115;6;0;2;7
1;115;7;0;1;12
1;115;8;1;1;3
1;115;9;0;0;0
1;115;10;0;18;0
1;115;11;0;4;4
1;115;12;1;0;2
1;115;13;0;3;3
1;115;14;0;0;4
1;115;15;0;0;2
1;115;16;0;0;8
1;115;17;0;0;8
1;115;18;4;0;5
1;115;19;0;18;2
1;115;20;0;0;14
1;115;21;0;0;0
1;115;22;0;0;1
1;115;23;0;1;2
1;115;24;0;5;0
1;115;25;0;4;0
1;115;26;0;0;2
1;115;27;0;1;4
1;115;28;0;0;0
1;115;29;0;0;0
1;115;30;0;6;1
1;116;1;0;0;0
1;116;2;0;3;7
1;116;3;1;1;3
1;116;4;3;9;10
1;116;5;1;3;4
1;116;6;1;4;1
1;116;7;2;4;2
1;116;8;0;2;10
1;116;9;1;7;5
1;116;10;0;0;0
1;116;11;0;0;1
1;116;12;2;13;0
1;116;13;0;0;3
1;116;14;0;1;2
1;116;15;0;0;11
1;116;16;0;3;3
1;116;17;0;0;2
1;116;18;0;0;9
1;116;19;1;0;7
1;116;20;0;2;0
1;116;21;1;0;4
1;116;22;0;5;0
1;116;23;0;0;10
1;116;24;1;0;2
1;116;25;0;0;4
1;116;26;1;4;5
1;116;27;0;0;0
1;116;28;0;1;9
1;116;29;0;0;2
1;116;30;1;1;0
1;117;1;0;10;4
1;117;2;0;0;13
1;117;3;0;0;2
1;117;4;0;0;6
1;117;5;0;0;2
1;117;6;0;1;0
1;117;7;0;2;1
1;117;8;0;0;2
1;117;9;1;0;0
1;117;10;0;1;2
1;117;11;2;5;5
1;117;12;1;14;6
1;117;13;1;2;1
1;117;14;1;7;12
1;117;15;0;0;6
1;117;16;0;0;0
1;117;17;3;4;6
1;117;18;0;5;0
1;117;19;0;1;0
1;117;20;0;2;0
1;117;21;3;4;5
1;117;22;2;0;8
1;117;23;1;1;1
1;117;24;0;3;12
1;117;25;1;0;7
1;117;26;0;2;2
1;117;27;0;3;2
1;117;28;0;3;14
1;117;29;0;4;0
1;117;30;0;2;0
1;118;1;0;6;1
1;118;2;1;0;5
1;118;3;2;0;0
1;118;4;0;9;5
1;118;5;0;7;2
1;118;6;0;1;12
1;118;7;1;0;5
1;118;8;0;0;1
1;118;9;2;7;3
1;118;10;0;7;2
1;118;11;1;0;2
1;118;12;0;5;3
1;118;13;0;7;2
1;118;14;0;2;0
1;118;15;1;1;3
1;118;16;0;0;5
1;118;17;1;2;2
1;118;18;0;0;11
1;118;19;3;0;0
1;118;20;1;2;3
1;118;21;1;0;3
1;118;22;1;8;16
1;118;23;1;0;4
1;118;24;0;2;16
1;118;25;1;4;0
1;118;26;2;14;7
1;118;27;0;1;1
1;118;28;1;1;11
1;118;29;1;11;4
1;118;30;0;0;0
1;119;1;0;2;6
1;119;2;3;4;0
1;119;3;0;14;0
1;119;4;1;1;6
1;119;5;4;10;7
1;119;6;0;6;12
1;119;7;2;0;1
1;119;8;6;0;5
1;119;9;2;0;5
1;119;10;0;2;1
1;119;11;0;6;0
1;119;12;0;4;0
1;119;13;1;1;0
1;119;14;0;2;1
1;119;15;0;3;11
1;119;16;0;0;0
1;119;17;0;8;0
1;119;18;0;1;0
1;119;19;0;5;14
1;119;20;2;0;3
1;119;21;0;12;0
1;119;22;0;0;0
1;119;23;1;1;7
1;119;24;2;3;3
1;119;25;2;2;6
1;119;26;0;3;0
1;119;27;1;6;13
1;119;28;0;7;0
1;119;29;0;2;6
1;119;30;1;5;3
1;120;1;0;1;1
1;120;2;0;0;0
1;120;3;0;6;3
1;120;4;1;0;0
1;120;5;0;10;0
1;120;6;0;3;12
1;120;7;2;0;7
1;120;8;2;1;1
1;120;9;0;2;1
1;120;10;1;0;3
1;120;11;0;6;6
1;120;12;1;2;4
1;120;13;0;0;3
1;120;14;0;0;14
1;120;15;0;1;10
1;120;16;0;1;5
1;120;17;0;2;0
1;120;18;2;11;5
1;120;19;0;3;1
1;120;20;2;2;2
1;120;21;0;3;3
1;120;22;0;6;0
1;120;23;0;3;0
1;120;24;0;5;0
1;120;25;0;1;0
1;120;26;0;3;1
1;120;27;0;0;0
1;120;28;1;3;1
1;120;29;0;10;5
1;120;30;0;7;0
1;121;1;0;0;2
1;121;2;0;2;2
1;121;3;1;4;14
1;121;4;0;6;0
1;121;5;0;0;12
1;121;6;1;0;1
1;121;7;0;6;1
1;121;8;1;1;6
1;121;9;1;11;2
1;121;10;0;0;0
1;121;11;0;0;18
1;121;12;1;1;5
1;121;13;1;1;1
1;121;14;0;2;1
1;121;15;1;0;2
1;121;16;2;0;2
1;121;17;1;0;3
1;121;18;0;0;1
1;121;19;0;12;0
1;121;20;2;7;9
1;121;21;1;8;0
1;121;22;0;15;0
1;121;23;1;0;8
1;121;24;0;0;0
1;121;25;0;0;7
1;121;26;1;0;2
1;121;27;1;0;17
1;121;28;0;0;0
1;121;29;0;10;0
1;121;30;2;0;7
1;122;1;2;0;1
1;122;2;1;0;9
1;122;3;0;15;2
1;122;4;1;1;1
1;122;5;1;10;2
1;122;6;2;1;0
1;122;7;0;0;1
1;122;8;4;6;1
1;122;9;0;1;3
1;122;10;0;9;3
1;122;11;0;2;2
1;122;12;0;2;5
1;122;13;0;0;3
1;122;14;1;2;6
1;122;15;0;9;0
1;122;16;0;0;0
1;122;17;0;11;4
1;122;18;0;11;7
1;122;19;0;3;0
1;122;20;1;1;10
1;122;21;1;0;0
1;122;22;1;1;3
1;122;23;0;1;2
1;122;24;1;1;2
1;122;25;1;10;1
1;122;26;0;2;14
1;122;27;1;2;0
1;122;28;3;9;2
1;122;29;2;0;4
1;122;30;1;3;0
1;123;1;1;1;2
1;123;2;1;0;0
1;123;3;1;1;13
1;123;4;2;3;4
1;123;5;0;3;1
1;123;6;0;1;2
1;123;7;1;2;1
1;123;8;1;0;1
1;123;9;0;0;1
1;123;10;0;1;5
1;123;11;1;3;2
1;123;12;0;5;1
1;123;13;1;4;6
1;123;14;0;2;4
1;123;15;0;0;2
1;123;16;0;0;11
1;123;17;3;2;9
1;123;18;1;3;1
1;123;19;0;0;0
1;123;20;0;1;0
1;123;21;3;2;0
1;123;22;0;1;4
1;123;23;1;5;3
1;123;24;1;14;3
1;123;25;2;2;0
1;123;26;1;4;0
1;123;27;0;1;0
1;123;28;1;0;4
1;123;29;1;6;1
1;123;30;1;2;10
1;124;1;2;7;4
1;124;2;5;2;1
1;124;3;0;3;2
1;124;4;1;8;5
1;124;5;2;1;8
1;124;6;3;0;12
1;124;7;0;0;2
1;124;8;0;1;1
1;124;9;0;0;0
1;124;10;0;1;4
1;124;11;1;0;0
1;124;12;1;1;0
1;124;13;0;1;1
1;124;14;1;9;6
1;124;15;0;5;0
1;124;16;2;2;1
1;124;17;0;1;5
1;124;18;2;1;11
1;124;19;2;13;1
1;124;20;0;2;0
1;124;21;0;4;0
1;124;22;0;0;0
1;124;23;1;5;3
1;124;24;0;1;2
1;124;25;0;4;8
1;124;26;0;0;2
1;124;27;1;5;0
1;124;28;1;1;12
1;124;29;0;0;17
1;124;30;0;0;0
1;125;1;3;5;13
1;125;2;0;0;3
1;125;3;2;2;0
1;125;4;0;0;1
1;125;5;0;5;10
1;125;6;1;2;10
1;125;7;1;0;1
1;125;8;0;0;0
1;125;9;1;17;3
1;125;10;0;1;1
1;125;11;0;0;0
1;125;12;0;0;0
1;125;13;2;3;1
1;125;14;2;10;3
1;125;15;1;0;7
1;125;16;2;0;3
1;125;17;2;0;0
1;125;18;0;0;0
1;125;19;0;1;3
1;125;20;0;7;2
1;125;21;0;14;15
1;125;22;1;3;0
1;125;23;0;3;0
1;125;24;0;1;0
1;125;25;2;13;4
1;125;26;2;2;1
1;125;27;0;3;1
1;125;28;0;2;0
1;125;29;0;3;0
1;125;30;0;0;1
1;126;1;0;11;1
1;126;2;1;3;2
1;126;3;1;0;4
1;126;4;1;1;2
1;126;5;0;5;0
1;126;6;1;11;0
1;126;7;2;2;3
1;126;8;1;11;2
1;126;9;0;0;0
1;126;10;0;3;1
1;126;11;0;18;0
1;126;12;0;0;7
1;126;13;0;0;1
1;126;14;2;3;2
1;126;15;0;6;1
1;126;16;2;9;3
1;126;17;0;0;14
1;126;18;1;12;3
1;126;19;0;0;0
1;126;20;0;0;5
1;126;21;0;0;11
1;126;22;0;8;4
1;126;23;0;0;6
1;126;24;0;1;0
1;126;25;0;1;1
1;126;26;0;0;15
1;126;27;0;0;2
1;126;28;0;3;0
1;126;29;1;5;5
1;126;30;0;5;0
1;127;1;1;1;4
1;127;2;1;1;2
1;127;3;0;0;20
1;127;4;1;6;0
1;127;5;0;3;11
1;127;6;0;1;5
1;127;7;1;1;3
1;127;8;0;8;1
1;127;9;0;1;1
1;127;10;1;2;4
1;127;11;0;1;0
1;127;12;3;0;4
1;127;13;0;2;0
1;127;14;1;9;0
1;127;15;0;4;1
1;127;16;0;2;4
1;127;17;0;1;1
1;127;18;0;0;1
1;127;19;0;0;1
1;127;20;0;2;3
1;127;21;0;7;1
1;127;22;0;11;0
1;127;23;0;6;2
1;127;24;0;0;5
1;127;25;0;0;0
1;127;26;0;4;1
1;127;27;0;1;11
1;127;28;2;5;1
1;127;29;1;3;11
1;127;30;1;0;1
1;128;1;2;0;0
1;128;2;2;1;4
1;128;3;1;0;0
1;128;4;0;1;0
1;128;5;1;8;2
1;128;6;1;6;3
1;128;7;0;15;1
1;128;8;0;0;12
1;128;9;0;1;12
1;128;10;0;1;1
1;128;11;0;0;0
1;128;12;1;1;8
1;128;13;0;0;0
1;128;14;0;7;2
1;128;15;0;1;0
1;128;16;0;2;4
1;128;17;3;0;1
1;128;18;0;3;1
1;128;19;0;2;6
1;128;20;0;1;0
1;128;21;1;10;0
1;128;22;0;2;0
1;128;23;1;0;5
1;128;24;1;6;2
1;128;25;0;2;1
1;128;26;0;1;0
1;128;27;0;0;3
1;128;28;0;14;2
1;128;29;0;0;0
1;128;30;0;0;0
1;129;1;0;0;0
1;129;2;0;0;0
1;129;3;1;2;8
1;129;4;0;0;1
1;129;5;0;8;0
1;129;6;0;2;0
1;129;7;0;0;1
1;129;8;0;6;0
1;129;9;0;0;0
1;129;10;0;6;3
1;129;11;3;1;5
1;129;12;1;13;1
1;129;13;0;1;0
1;129;14;1;1;6
1;129;15;0;1;2
1;129;16;0;0;1
1;129;17;1;1;2
1;129;18;0;9;0
1;129;19;0;0;3
1;129;20;1;0;0
1;129;21;2;3;5
1;129;22;0;0;0
1;129;23;0;3;4
1;129;24;0;3;0
1;129;25;0;0;1
1;129;26;0;1;10
1;129;27;0;8;5
1;129;28;2;1;1
1;129;29;0;10;0
1;129;30;0;6;5
1;130;1;0;1;1
1;130;2;1;2;1
1;130;3;0;5;1
1;130;4;0;12;0
1;130;5;1;0;7
1;130;6;0;1;2
1;130;7;2;3;0
1;130;8;0;1;0
1;130;9;0;4;0
1;130;10;3;0;3
1;130;11;1;0;1
1;130;12;2;0;1
1;130;13;0;0;1
1;130;14;0;0;1
1;130;15;0;11;3
1;130;16;0;15;7
1;130;17;0;0;3
1;130;18;0;0;14
1;130;19;1;0;0
1;130;20;0;0;3
1;130;21;0;1;1
1;130;22;1;0;5
1;130;23;0;2;2
1;130;24;0;15;0
1;130;25;0;0;4
1;130;26;1;0;13
1;130;27;0;1;0
1;130;28;0;0;2
1;130;29;0;1;3
1;130;30;2;0;7
1;131;1;0;1;1
1;131;2;4;4;0
1;131;3;0;2;1
1;131;4;1;2;0
1;131;5;2;1;2
1;131;6;1;0;8
1;131;7;0;3;2
1;131;8;1;4;2
1;131;9;0;0;3
1;131;10;0;0;4
1;131;11;0;0;0
1;131;12;2;1;0
1;131;13;3;3;7
1;131;14;1;6;7
1;131;15;0;1;3
1;131;16;2;1;7
1;131;17;1;12;4
1;131;18;1;1;2
1;131;19;1;1;0
1;131;20;0;5;1
1;131;21;0;3;14
1;131;22;1;8;0
1;131;23;0;1;0
1;131;24;0;0;5
1;131;25;0;14;0
1;131;26;0;1;0
1;131;27;2;1;0
1;131;28;1;8;10
1;131;29;1;1;3
1;131;30;0;1;10
1;132;1;0;1;0
1;132;2;5;4;0
1;132;3;0;1;1
1;132;4;2;2;3
1;132;5;1;4;0
1;132;6;1;0;1
1;132;7;0;0;1
1;132;8;1;0;2
1;132;9;0;1;2
1;132;10;1;0;1
1;132;11;0;0;6
1;132;12;1;3;7
1;132;13;1;1;0
1;132;14;1;2;2
1;132;15;1;2;0
1;132;16;0;13;3
1;132;17;1;2;0
1;132;18;0;0;1
1;132;19;1;2;0
1;132;20;1;0;0
1;132;21;2;7;0
1;132;22;0;5;0
1;132;23;1;1;5
1;132;24;0;1;0
1;132;25;1;1;2
1;132;26;0;14;1
1;132;27;1;1;1
1;132;28;0;3;0
1;132;29;1;4;1
1;132;30;1;1;7
1;133;1;5;3;1
1;133;2;0;9;3
1;133;3;0;2;0
1;133;4;1;3;15
1;133;5;2;10;0
1;133;6;1;0;2
1;133;7;0;5;0
1;133;8;0;7;1
1;133;9;0;5;0
1;133;10;3;1;6
1;133;11;3;0;1
1;133;12;1;1;8
1;133;13;0;2;2
1;133;14;1;0;1
1;133;15;0;4;1
1;133;16;1;0;17
1;133;17;2;0;6
1;133;18;0;15;0
1;133;19;2;2;2
1;133;20;1;2;4
1;133;21;0;0;7
1;133;22;1;2;0
1;133;23;0;0;4
1;133;24;0;5;0
1;133;25;1;14;1
1;133;26;0;14;3
1;133;27;0;1;0
1;133;28;0;4;6
1;133;29;0;0;1
1;133;30;2;5;7
1;134;1;1;1;7
1;134;2;0;0;3
1;134;3;0;1;14
1;134;4;0;4;2
1;134;5;1;0;1
1;134;6;0;1;2
1;134;7;1;4;0
1;134;8;0;2;0
1;134;9;1;8;2
1;134;10;1;1;1
1;134;11;3;14;3
1;134;12;3;1;0
1;134;13;2;0;5
1;134;14;1;2;7
1;134;15;0;0;2
1;134;16;0;1;1
1;134;17;1;10;4
1;134;18;0;5;12
1;134;19;1;4;0
1;134;20;0;2;0
1;134;21;0;0;6
1;134;22;0;3;7
1;134;23;0;0;14
1;134;24;3;1;11
1;134;25;0;5;0
1;134;26;0;0;14
1;134;27;0;0;5
1;134;28;0;6;7
1;134;29;0;8;2
1;134;30;0;1;14
1;135;1;1;0;1
1;135;2;1;3;2
1;135;3;2;2;0
1;135;4;0;3;0
1;135;5;0;0;11
1;135;6;0;0;0
1;135;7;0;4;0
1;135;8;0;1;0
1;135;9;0;7;3
1;135;10;0;8;0
1;135;11;0;5;0
1;135;12;1;1;5
1;135;13;2;5;2
1;135;14;1;2;0
1;135;15;0;1;2
1;135;16;3;2;6
1;135;17;0;1;5
1;135;18;0;5;1
1;135;19;2;3;0
1;135;20;2;0;1
1;135;21;1;4;3
1;135;22;1;0;0
1;135;23;1;6;3
1;135;24;0;14;3
1;135;25;0;6;1
1;135;26;3;0;4
1;135;27;2;3;10
1;135;28;0;5;0
1;135;29;1;7;1
1;135;30;0;9;0
1;136;1;4;8;0
1;136;2;0;0;1
1;136;3;0;11;1
1;136;4;2;0;3
1;136;5;2;1;1
1;136;6;2;1;2
1;136;7;0;0;1
1;136;8;1;1;0
1;136;9;0;1;4
1;136;10;2;1;1
1;136;11;0;0;0
1;136;12;3;0;7
1;136;13;0;11;3
1;136;14;1;2;1
1;136;15;0;1;0
1;136;16;0;7;5
1;136;17;0;0;3
1;136;18;1;2;0
1;136;19;0;0;2
1;136;20;0;9;2
1;136;21;1;0;0
1;136;22;0;13;3
1;136;23;0;1;3
1;136;24;0;0;0
1;136;25;0;1;1
1;136;26;0;0;6
1;136;27;5;0;4
1;136;28;0;0;3
1;136;29;0;0;5
1;136;30;0;1;0
1;137;1;2;0;1
1;137;2;0;3;0
1;137;3;0;4;5
1;137;4;0;0;9
1;137;5;6;4;2
1;137;6;1;0;9
1;137;7;0;7;6
1;137;8;0;10;0
1;137;9;0;0;1
1;137;10;0;4;0
1;137;11;0;0;2
1;137;12;1;0;8
1;137;13;1;1;1
1;137;14;1;1;1
1;137;15;1;0;1
1;137;16;0;1;1
1;137;17;0;1;1
1;137;18;1;0;1
1;137;19;1;10;1
1;137;20;3;1;11
1;137;21;0;11;2
1;137;22;0;1;0
1;137;23;0;0;0
1;137;24;1;7;1
1;137;25;0;0;10
1;137;26;0;1;1
1;137;27;2;19;3
1;137;28;0;11;0
1;137;29;1;0;8
1;137;30;0;17;1
1;138;1;1;1;0
1;138;2;0;0;6
1;138;3;1;3;6
1;138;4;0;6;0
1;138;5;0;0;3
1;138;6;1;0;2
1;138;7;1;9;0
1;138;8;1;2;1
1;138;9;0;1;1
1;138;10;1;4;3
1;138;11;2;5;3
1;138;12;0;8;1
1;138;13;1;1;3
1;138;14;1;0;1
1;138;15;0;0;6
1;138;16;2;0;3
1;138;17;1;1;13
1;138;18;0;0;2
1;138;19;2;3;0
1;138;20;1;12;2
1;138;21;1;1;14
1;138;22;0;1;2
1;138;23;0;0;2
1;138;24;0;2;1
1;138;25;0;2;2
1;138;26;1;0;0
1;138;27;0;0;12
1;138;28;0;1;4
1;138;29;0;0;9
1;138;30;0;3;3
1;139;1;0;11;2
1;139;2;1;1;1
1;139;3;1;1;1
1;139;4;3;0;0
1;139;5;0;2;1
1;139;6;1;2;0
1;139;7;0;5;1
1;139;8;0;0;1
1;139;9;2;1;4
1;139;10;0;0;0
1;139;11;2;3;0
1;139;12;0;3;0
1;139;13;0;0;5
1;139;14;2;9;2
1;139;15;0;0;10
1;139;16;2;0;1
1;139;17;1;6;13
1;139;18;0;2;3
1;139;19;3;0;1
1;139;20;1;7;0
1;139;21;1;4;2
1;139;22;0;1;5
1;139;23;0;8;0
1;139;24;0;10;0
1;139;25;0;2;2
1;139;26;0;8;0
1;139;27;0;3;2
1;139;28;0;6;3
1;139;29;0;0;13
1;139;30;2;0;0
1;140;1;0;3;12
1;140;2;0;0;1
1;140;3;1;1;0
1;140;4;0;2;0
1;140;5;0;8;0
1;140;6;0;1;2
1;140;7;0;0;10
1;140;8;1;4;0
1;140;9;1;2;7
1;140;10;1;9;1
1;140;11;0;1;2
1;140;12;0;2;0
1;140;13;1;5;2
1;140;14;0;1;1
1;140;15;0;11;0
1;140;16;0;3;5
1;140;17;0;1;14
1;140;18;0;0;0
1;140;19;0;7;1
1;140;20;0;0;0
1;140;21;0;0;4
1;140;22;0;0;0
1;140;23;0;1;3
1;140;24;0;1;6
1;140;25;0;2;4
1;140;26;0;2;17
1;140;27;0;3;6
1;140;28;0;0;0
1;140;29;0;0;0
1;140;30;3;7;7
1;141;1;0;5;0
1;141;2;1;0;4
1;141;3;0;0;0
1;141;4;1;0;13
1;141;5;0;0;7
1;141;6;0;3;0
1;141;7;0;12;0
1;141;8;1;1;0
1;141;9;0;0;0
1;141;10;0;1;0
1;141;11;2;8;0
1;141;12;0;3;2
1;141;13;0;2;4
1;141;14;2;8;1
1;141;15;0;0;1
1;141;16;1;9;0
1;141;17;2;9;6
1;141;18;0;1;2
1;141;19;2;6;3
1;141;20;0;3;1
1;141;21;1;4;7
1;141;22;0;0;9
1;141;23;1;10;4
1;141;24;0;3;3
1;141;25;1;1;12
1;141;26;3;9;6
1;141;27;0;0;0
1;141;28;0;2;1
1;141;29;1;0;4
1;141;30;0;0;5
1;142;1;0;3;0
1;142;2;0;1;0
1;142;3;0;2;0
1;142;4;0;1;2
1;142;5;0;1;5
1;142;6;3;3;10
1;142;7;0;6;0
1;142;8;1;0;0
1;142;9;2;3;2
1;142;10;0;1;11
1;142;11;3;0;1
1;142;12;0;6;1
1;142;13;1;3;0
1;142;14;0;0;0
1;142;15;0;0;2
1;142;16;1;1;6
1;142;17;1;1;0
1;142;18;3;12;0
1;142;19;2;5;0
1;142;20;0;3;0
1;142;21;0;0;2
1;142;22;1;0;6
1;142;23;2;0;1
1;142;24;2;0;6
1;142;25;0;1;3
1;142;26;2;12;0
1;142;27;0;6;2
1;142;28;1;2;14
1;142;29;0;9;1
1;142;30;0;0;0
1;143;1;0;9;3
1;143;2;0;0;0
1;143;3;2;5;2
1;143;4;4;6;2
1;143;5;0;1;5
1;143;6;0;8;0
1;143;7;0;1;0
1;143;8;1;0;7
1;143;9;0;0;0
1;143;10;0;1;0
1;143;11;0;0;4
1;143;12;0;2;8
1;143;13;1;4;0
1;143;14;0;1;6
1;143;15;0;5;8
1;143;16;0;1;0
1;143;17;2;2;1
1;143;18;1;10;0
1;143;19;0;2;1
1;143;20;0;2;7
1;143;21;3;2;5
1;143;22;2;3;6
1;143;23;0;1;3
1;143;24;1;7;13
1;143;25;0;6;0
1;143;26;0;1;1
1;143;27;1;7;0
1;143;28;0;1;0
1;143;29;2;9;7
1;143;30;4;5;10
1;144;1;0;3;3
1;144;2;0;8;0
1;144;3;1;1;1
1;144;4;1;12;1
1;144;5;0;0;1
1;144;6;0;0;8
1;144;7;0;1;11
1;144;8;2;2;7
1;144;9;1;0;3
1;144;10;3;1;0
1;144;11;1;9;2
1;144;12;1;1;6
1;144;13;1;4;0
1;144;14;0;14;0
1;144;15;1;12;3
1;144;16;2;0;4
1;144;17;1;1;0
1;144;18;3;0;2
1;144;19;0;0;12
1;144;20;0;0;12
1;144;21;1;0;10
1;144;22;0;0;3
1;144;23;0;1;3
1;144;24;0;16;0
1;144;25;0;0;2
1;144;26;0;1;3
1;144;27;0;0;0
1;144;28;0;1;3
1;144;29;0;2;3
1;144;30;0;2;14
1;145;1;1;0;1
1;145;2;1;1;1
1;145;3;0;14;0
1;145;4;1;0;1
1;145;5;0;0;0
1;145;6;1;0;2
1;145;7;2;2;11
1;145;8;0;1;0
1;145;9;1;2;6
1;145;10;0;5;4
1;145;11;0;0;2
1;145;12;0;0;14
1;145;13;1;1;2
1;145;14;2;0;2
1;145;15;1;2;9
1;145;16;1;0;1
1;145;17;0;0;0
1;145;18;0;0;0
1;145;19;0;3;1
1;145;20;0;3;1
1;145;21;0;1;5
1;145;22;0;4;5
1;145;23;3;10;7
1;145;24;0;1;1
1;145;25;2;10;9
1;145;26;0;6;0
1;145;27;0;8;3
1;145;28;0;6;0
1;145;29;1;3;3
1;145;30;0;0;6
1;146;1;1;1;1
1;146;2;2;2;1
1;146;3;2;1;9
1;146;4;1;1;9
1;146;5;0;6;0
1;146;6;0;0;0
1;146;7;0;9;1
1;146;8;0;5;2
1;146;9;0;4;1
1;146;10;0;15;1
1;146;11;1;4;0
1;146;12;0;1;1
1;146;13;2;5;0
1;146;14;2;2;0
1;146;15;0;0;2
1;146;16;0;0;5
1;146;17;1;9;2
1;146;18;0;6;1
1;146;19;0;2;0
1;146;20;0;9;2
1;146;21;2;1;4
1;146;22;0;1;3
1;146;23;1;1;1
1;146;24;0;0;7
1;146;25;0;7;0
1;146;26;1;9;4
1;146;27;0;0;2
1;146;28;0;15;0
1;146;29;0;0;0
1;146;30;0;0;0
1;147;1;1;2;0
1;147;2;0;0;1
1;147;3;1;6;13
1;147;4;0;2;9
1;147;5;0;2;15
1;147;6;0;3;5
1;147;7;0;2;0
1;147;8;2;9;8
1;147;9;1;2;1
1;147;10;0;3;0
1;147;11;0;2;2
1;147;12;0;7;0
1;147;13;3;0;4
1;147;14;2;3;0
1;147;15;1;1;2
1;147;16;1;0;4
1;147;17;1;0;14
1;147;18;2;0;0
1;147;19;0;0;3
1;147;20;0;9;7
1;147;21;1;1;0
1;147;22;2;9;9
1;147;23;1;4;3
1;147;24;3;0;7
1;147;25;1;1;2
1;147;26;0;0;0
1;147;27;0;0;6
1;147;28;0;0;3
1;147;29;1;15;0
1;147;30;0;7;1
1;148;1;1;0;0
1;148;2;1;1;0
1;148;3;0;3;0
1;148;4;1;1;0
1;148;5;1;5;1
1;148;6;0;9;1
1;148;7;2;1;1
1;148;8;2;12;0
1;148;9;1;0;12
1;148;10;0;4;12
1;148;11;0;1;12
1;148;12;0;0;1
1;148;13;0;0;11
1;148;14;1;0;8
1;148;15;0;1;0
1;148;16;0;14;1
1;148;17;3;0;0
1;148;18;2;3;1
1;148;19;0;2;17
1;148;20;2;3;4
1;148;21;0;0;0
1;148;22;1;2;2
1;148;23;0;2;0
1;148;24;0;1;0
1;148;25;1;1;2
1;148;26;0;0;0
1;148;27;1;6;0
1;148;28;0;5;0
1;148;29;2;4;0
1;148;30;0;8;2
1;149;1;0;2;4
1;149;2;0;2;3
1;149;3;0;1;2
1;149;4;1;4;3
1;149;5;3;1;0
1;149;6;2;3;1
1;149;7;0;1;1
1;149;8;0;10;0
1;149;9;1;1;2
1;149;10;0;6;0
1;149;11;0;0;0
1;149;12;0;1;0
1;149;13;1;1;0
1;149;14;0;4;1
1;149;15;0;2;0
1;149;16;0;4;2
1;149;17;0;0;14
1;149;18;0;1;0
1;149;19;1;0;1
1;149;20;0;5;5
1;149;21;2;2;7
1;149;22;2;11;16
1;149;23;1;10;15
1;149;24;1;13;10
1;149;25;0;3;7
1;149;26;1;12;5
1;149;27;0;7;0
1;149;28;0;0;12
1;149;29;0;0;4
1;149;30;0;0;0
1;150;1;2;3;7
1;150;2;1;4;0
1;150;3;5;1;1
1;150;4;0;1;2
1;150;5;0;2;1
1;150;6;1;0;10
1;150;7;0;2;2
1;150;8;0;3;5
1;150;9;0;1;1
1;150;10;0;1;1
1;150;11;0;1;0
1;150;12;0;2;4
1;150;13;0;1;2
1;150;14;1;3;0
1;150;15;1;1;1
1;150;16;1;0;0
1;150;17;0;0;5
1;150;18;1;0;0
1;150;19;2;1;0
1;150;20;1;14;0
1;150;21;0;4;0
1;150;22;0;0;1
1;150;23;1;4;3
1;150;24;0;10;0
1;150;25;0;1;0
1;150;26;1;1;1
1;150;27;2;2;9
1;150;28;1;11;0
1;150;29;1;0;9
1;150;30;1;11;0
1;151;1;1;7;14
1;151;2;0;0;0
1;151;3;0;2;7
1;151;4;0;2;2
1;151;5;1;2;4
1;151;6;2;1;1
1;151;7;3;0;0
1;151;8;3;6;9
1;151;9;0;1;1
1;151;10;0;12;1
1;151;11;1;7;3
1;151;12;0;0;5
1;151;13;3;6;0
1;151;14;4;0;2
1;151;15;1;1;8
1;151;16;0;1;2
1;151;17;0;7;0
1;151;18;1;1;3
1;151;19;0;3;2
1;151;20;2;2;5
1;151;21;0;3;3
1;151;22;1;6;1
1;151;23;0;0;0
1;151;24;2;6;0
1;151;25;2;0;16
1;151;26;4;9;1
1;151;27;0;0;1
1;151;28;0;2;0
1;151;29;1;1;0
1;151;30;1;0;0
1;152;1;1;0;0
1;152;2;0;0;1
1;152;3;0;11;1
1;152;4;3;7;0
1;152;5;1;2;6
1;152;6;1;1;11
1;152;7;1;0;1
1;152;8;0;14;3
1;152;9;3;1;4
1;152;10;0;1;7
1;152;11;0;2;3
1;152;12;2;2;8
1;152;13;0;0;7
1;152;14;1;0;0
1;152;15;0;3;10
1;152;16;0;6;5
1;152;17;0;1;1
1;152;18;1;12;1
1;152;19;0;0;2
1;152;20;2;1;6
1;152;21;3;0;2
1;152;22;0;0;7
1;152;23;0;2;1
1;152;24;1;1;11
1;152;25;0;1;4
1;152;26;0;8;6
1;152;27;1;3;0
1;152;28;3;11;2
1;152;29;0;1;3
1;152;30;0;9;0
1;153;1;0;7;3
1;153;2;0;2;1
1;153;3;1;0;1
1;153;4;0;0;1
1;153;5;0;0;13
1;153;6;0;0;1
1;153;7;0;4;0
1;153;8;0;4;8
1;153;9;1;0;1
1;153;10;1;5;0
1;153;11;0;3;1
1;153;12;2;2;3
1;153;13;1;7;1
1;153;14;1;3;0
1;153;15;0;0;1
1;153;16;0;4;0
1;153;17;0;1;0
1;153;18;0;0;4
1;153;19;0;0;4
1;153;20;0;0;4
1;153;21;0;4;0
1;153;22;0;0;10
1;153;23;0;0;8
1;153;24;0;0;7
1;153;25;0;0;0
1;153;26;0;4;0
1;153;27;0;0;13
1;153;28;0;11;0
1;153;29;1;12;3
1;153;30;2;0;0
1;154;1;0;2;3
1;154;2;1;6;1
1;154;3;1;0;9
1;154;4;0;2;0
1;154;5;0;0;3
1;154;6;0;0;0
1;154;7;0;4;1
1;154;8;1;2;8
1;154;9;0;15;2
1;154;10;0;2;1
1;154;11;4;2;11
1;154;12;0;0;3
1;154;13;1;0;0
1;154;14;0;6;5
1;154;15;0;2;0
1;154;16;0;11;1
1;154;17;1;0;0
1;154;18;1;6;4
1;154;19;0;0;0
1;154;20;0;0;0
1;154;21;0;3;0
1;154;22;0;0;0
1;154;23;1;5;2
1;154;24;0;0;0
1;154;25;0;8;0
1;154;26;2;6;2
1;154;27;0;1;0
1;154;28;0;0;4
1;154;29;0;0;0
1;154;30;0;0;3
1;155;1;3;0;2
1;155;2;0;1;13
1;155;3;2;1;1
1;155;4;1;0;1
1;155;5;0;0;0
1;155;6;1;2;2
1;155;7;4;12;2
1;155;8;0;0;0
1;155;9;1;0;1
1;155;10;0;4;10
1;155;11;0;0;11
1;155;12;1;0;6
1;155;13;1;0;0
1;155;14;0;1;4
1;155;15;0;6;0
1;155;16;0;2;3
1;155;17;0;1;1
1;155;18;0;8;1
1;155;19;0;0;2
1;155;20;0;0;3
1;155;21;0;2;1
1;155;22;1;0;11
1;155;23;1;2;5
1;155;24;0;0;1
1;155;25;0;5;9
1;155;26;0;0;14
1;155;27;0;9;5
1;155;28;2;3;1
1;155;29;0;0;1
1;155;30;0;0;8
1;156;1;2;2;1
1;156;2;1;13;4
1;156;3;1;1;3
1;156;4;0;5;0
1;156;5;2;0;0
1;156;6;0;0;0
1;156;7;1;0;0
1;156;8;0;4;3
1;156;9;1;4;0
1;156;10;1;1;5
1;156;11;0;3;7
1;156;12;0;9;0
1;156;13;0;0;2
1;156;14;2;0;11
1;156;15;0;3;6
1;156;16;1;2;6
1;156;17;0;2;1
1;156;18;1;1;0
1;156;19;2;3;4
1;156;20;0;5;0
1;156;21;1;0;0
1;156;22;1;2;3
1;156;23;0;11;0
1;156;24;1;1;1
1;156;25;1;2;0
1;156;26;1;0;0
1;156;27;0;9;0
1;156;28;0;2;0
1;156;29;0;10;0
1;156;30;1;1;0
1;157;1;0;0;1
1;157;2;1;1;6
1;157;3;1;1;11
1;157;4;0;1;1
1;157;5;0;4;4
1;157;6;2;1;0
1;157;7;2;1;1
1;157;8;1;7;2
1;157;9;0;0;0
1;157;10;1;1;3
1;157;11;0;4;4
1;157;12;0;1;0
1;157;13;0;0;2
1;157;14;0;19;2
1;157;15;0;3;1
1;157;16;1;2;0
1;157;17;0;0;0
1;157;18;3;0;0
1;157;19;3;2;5
1;157;20;0;5;1
1;157;21;1;6;12
1;157;22;0;0;0
1;157;23;0;4;0
1;157;24;2;2;0
1;157;25;2;6;1
1;157;26;0;5;1
1;157;27;0;3;1
1;157;28;0;0;1
1;157;29;0;0;4
1;157;30;0;12;0
1;158;1;0;0;0
1;158;2;0;11;1
1;158;3;0;0;0
1;158;4;0;2;1
1;158;5;2;0;11
1;158;6;0;2;4
1;158;7;1;1;2
1;158;8;1;7;5
1;158;9;0;0;0
1;158;10;2;2;0
1;158;11;0;4;0
1;158;12;1;1;0
1;158;13;0;0;1
1;158;14;0;8;4
1;158;15;0;0;4
1;158;16;0;0;2
1;158;17;0;0;1
1;158;18;1;1;0
1;158;19;0;5;10
1;158;20;0;2;3
1;158;21;0;5;1
1;158;22;2;1;4
1;158;23;0;6;1
1;158;24;0;5;2
1;158;25;0;4;6
1;158;26;1;13;3
1;158;27;0;0;0
1;158;28;0;0;2
1;158;29;2;4;0
1;158;30;0;6;0
1;159;1;0;4;16
1;159;2;0;0;0
1;159;3;1;14;0
1;159;4;2;2;2
1;159;5;1;13;0
1;159;6;1;1;2
1;159;7;1;1;0
1;159;8;4;1;4
1;159;9;0;6;0
1;159;10;0;5;3
1;159;11;0;0;9
1;159;12;0;4;1
1;159;13;0;4;1
1;159;14;0;2;6
1;159;15;0;4;3
1;159;16;0;1;1
1;159;17;1;9;5
1;159;18;2;0;5
1;159;19;1;5;4
1;159;20;0;1;11
1;159;21;0;6;1
1;159;22;0;2;0
1;159;23;0;3;6
1;159;24;6;4;2
1;159;25;2;7;6
1;159;26;1;10;2
1;159;27;0;0;9
1;159;28;0;1;0
1;159;29;0;3;0
1;159;30;1;3;8
1;160;1;1;0;0
1;160;2;3;1;2
1;160;3;2;2;2
1;160;4;0;2;0
1;160;5;0;0;6
1;160;6;0;0;0
1;160;7;0;11;2
1;160;8;0;2;0
1;160;9;0;3;1
1;160;10;0;7;3
1;160;11;1;0;9
1;160;12;0;8;0
1;160;13;0;0;1
1;160;14;1;8;1
1;160;15;2;3;0
1;160;16;0;4;15
1;160;17;0;0;0
1;160;18;0;1;1
1;160;19;1;5;0
1;160;20;0;12;6
1;160;21;0;2;1
1;160;22;1;2;4
1;160;23;0;1;3
1;160;24;0;1;11
1;160;25;1;2;0
1;160;26;0;2;15
1;160;27;1;8;3
1;160;28;0;13;0
1;160;29;0;2;0
1;160;30;0;0;0
1;161;1;1;0;5
1;161;2;0;2;0
1;161;3;0;8;7
1;161;4;1;0;0
1;161;5;0;2;0
1;161;6;0;0;2
1;161;7;0;10;0
1;161;8;0;2;6
1;161;9;0;8;4
1;161;10;1;4;1
1;161;11;0;3;0
1;161;12;1;2;14
1;161;13;0;2;0
1;161;14;0;1;0
1;161;15;1;7;4
1;161;16;0;0;7
1;161;17;1;4;1
1;161;18;0;3;0
1;161;19;1;0;3
1;161;20;0;0;15
1;161;21;0;0;13
1;161;22;0;1;6
1;161;23;1;15;0
1;161;24;2;5;2
1;161;25;2;2;6
1;161;26;0;1;3
1;161;27;0;9;4
1;161;28;0;5;1
1;161;29;3;1;8
1;161;30;0;2;13
1;162;1;0;6;0
1;162;2;1;0;1
1;162;3;0;3;5
1;162;4;0;14;2
1;162;5;1;0;2
1;162;6;0;2;0
1;162;7;0;2;0
1;162;8;1;0;4
1;162;9;3;5;0
1;162;10;1;3;12
1;162;11;0;2;6
1;162;12;3;9;4
1;162;13;0;1;1
1;162;14;0;6;10
1;162;15;0;3;1
1;162;16;1;1;8
1;162;17;1;3;0
1;162;18;0;0;2
1;162;19;1;0;2
1;162;20;0;5;0
1;162;21;0;2;1
1;162;22;0;4;0
1;162;23;0;1;6
1;162;24;0;0;1
1;162;25;2;6;0
1;162;26;0;0;8
1;162;27;0;2;6
1;162;28;0;0;1
1;162;29;1;0;6
1;162;30;1;0;13
1;163;1;0;0;1
1;163;2;0;0;1
1;163;3;0;1;0
1;163;4;0;0;3
1;163;5;0;4;6
1;163;6;0;3;6
1;163;7;1;4;1
1;163;8;0;1;7
1;163;9;0;7;0
1;163;10;4;4;0
1;163;11;0;1;0
1;163;12;0;0;1
1;163;13;0;4;1
1;163;14;0;13;1
1;163;15;2;13;2
1;163;16;0;0;2
1;163;17;0;0;7
1;163;18;0;1;5
1;163;19;2;0;1
1;163;20;0;1;2
1;163;21;0;0;1
1;163;22;0;6;0
1;163;23;0;0;0
1;163;24;0;1;0
1;163;25;0;0;9
1;163;26;0;0;3
1;163;27;0;0;0
1;163;28;0;0;2
1;163;29;0;0;1
1;163;30;1;9;1
1;164;1;1;1;1
1;164;2;0;5;3
1;164;3;1;0;8
1;164;4;0;1;7
1;164;5;0;0;7
1;164;6;0;8;0
1;164;7;2;4;1
1;164;8;0;0;2
1;164;9;0;2;2
1;164;10;1;7;2
1;164;11;0;0;11
1;164;12;0;8;2
1;164;13;0;11;4
1;164;14;1;2;3
1;164;15;0;2;5
1;164;16;1;0;6
1;164;17;1;0;0
1;164;18;1;0;0
1;164;19;1;3;5
1;164;20;1;1;8
1;164;21;0;1;3
1;164;22;0;0;0
1;164;23;0;2;0
1;164;24;2;4;0
1;164;25;0;3;2
1;164;26;0;0;3
1;164;27;1;0;8
1;164;28;0;1;1
1;164;29;1;0;3
1;164;30;1;1;1
1;165;1;1;2;0
1;165;2;0;2;1
1;165;3;0;11;1
1;165;4;0;0;2
1;165;5;2;1;2
1;165;6;1;1;1
1;165;7;0;9;0
1;165;8;2;0;0
1;165;9;0;0;8
1;165;10;0;0;3
1;165;11;0;4;0
1;165;12;2;2;0
1;165;13;3;1;1
1;165;14;0;0;0
1;165;15;2;11;0
1;165;16;0;0;13
1;165;17;1;6;1
1;165;18;2;3;5
1;165;19;1;0;1
1;165;20;1;0;2
1;165;21;0;0;1
1;165;22;0;1;2
1;165;23;1;0;0
1;165;24;0;10;0
1;165;25;0;6;9
1;165;26;0;3;4
1;165;27;4;1;0
1;165;28;0;1;11
1;165;29;2;0;2
1;165;30;0;1;0
1;166;1;2;1;1
1;166;2;0;2;0
1;166;3;1;7;6
1;166;4;2;4;6
1;166;5;0;0;6
1;166;6;0;2;11
1;166;7;0;10;0
1;166;8;0;0;11
1;166;9;0;1;0
1;166;10;1;4;13
1;166;11;2;2;0
1;166;12;1;2;16
1;166;13;0;7;0
1;166;14;0;3;0
1;166;15;0;0;4
1;166;16;1;1;1
1;166;17;1;2;11
1;166;18;0;0;3
1;166;19;1;4;0
1;166;20;1;1;6
1;166;21;0;2;1
1;166;22;0;4;6
1;166;23;1;0;3
1;166;24;0;0;2
1;166;25;0;12;2
1;166;26;0;0;0
1;166;27;0;9;1
1;166;28;0;6;0
1;166;29;0;0;1
1;166;30;0;5;0
1;167;1;0;3;0
1;167;2;1;2;0
1;167;3;0;6;5
1;167;4;4;1;3
1;167;5;0;1;0
1;167;6;0;0;6
1;167;7;1;8;0
1;167;8;0;0;1
1;167;9;0;2;0
1;167;10;0;2;11
1;167;11;0;1;0
1;167;12;0;0;13
1;167;13;1;5;8
1;167;14;0;0;5
1;167;15;0;0;0
1;167;16;1;8;8
1;167;17;2;5;1
1;167;18;1;4;0
1;167;19;2;7;5
1;167;20;1;0;0
1;167;21;2;1;1
1;167;22;0;0;6
1;167;23;1;3;6
1;167;24;1;0;1
1;167;25;0;0;7
1;167;26;0;0;2
1;167;27;0;1;4
1;167;28;0;8;0
1;167;29;0;0;0
1;167;30;0;4;1
1;168;1;0;1;9
1;168;2;1;11;2
1;168;3;1;0;4
1;168;4;2;1;5
1;168;5;1;3;11
1;168;6;1;0;1
1;168;7;1;2;8
1;168;8;0;7;0
1;168;9;1;7;3
1;168;10;1;0;0
1;168;11;1;3;1
1;168;12;0;1;0
1;168;13;2;9;1
1;168;14;0;2;0
1;168;15;1;11;1
1;168;16;2;1;0
1;168;17;0;1;4
1;168;18;2;2;2
1;168;19;0;1;2
1;168;20;2;3;0
1;168;21;0;1;5
1;168;22;0;2;2
1;168;23;1;1;2
1;168;24;0;0;0
1;168;25;0;0;9
1;168;26;0;3;5
1;168;27;0;2;4
1;168;28;1;0;1
1;168;29;0;9;0
1;168;30;1;1;2
1;169;1;0;2;0
1;169;2;2;3;8
1;169;3;0;0;3
1;169;4;0;7;2
1;169;5;1;1;0
1;169;6;0;0;0
1;169;7;1;4;4
1;169;8;1;0;5
1;169;9;1;0;3
1;169;10;3;2;2
1;169;11;1;0;0
1;169;12;0;2;0
1;169;13;0;2;4
1;169;14;1;2;8
1;169;15;1;2;0
1;169;16;0;7;2
1;169;17;0;12;0
1;169;18;1;0;1
1;169;19;2;1;2
1;169;20;0;6;2
1;169;21;1;12;1
1;169;22;0;8;1
1;169;23;0;2;0
1;169;24;0;1;1
1;169;25;0;4;5
1;169;26;0;0;4
1;169;27;0;0;0
1;169;28;2;5;7
1;169;29;1;1;4
1;169;30;4;3;2
1;170;1;0;0;4
1;170;2;0;1;2
1;170;3;1;6;0
1;170;4;0;2;0
1;170;5;0;1;3
1;170;6;1;0;0
1;170;7;0;9;1
1;170;8;0;3;5
1;170;9;1;0;6
1;170;10;1;1;15
1;170;11;0;9;1
1;170;12;0;2;0
1;170;13;0;0;1
1;170;14;1;1;4
1;170;15;3;7;7
1;170;16;0;4;0
1;170;17;0;0;11
1;170;18;0;11;0
1;170;19;0;0;2
1;170;20;1;0;0
1;170;21;0;11;2
1;170;22;0;2;2
1;170;23;0;0;2
1;170;24;1;1;0
1;170;25;2;1;2
1;170;26;2;1;2
1;170;27;0;0;1
1;170;28;1;0;13
1;170;29;0;0;0
1;170;30;0;0;1
1;171;1;0;1;6
1;171;2;0;2;6
1;171;3;1;1;0
1;171;4;0;2;2
1;171;5;1;1;1
1;171;6;0;3;1
1;171;7;0;0;2
1;171;8;0;0;5
1;171;9;1;0;1
1;171;10;1;0;3
1;171;11;2;1;4
1;171;12;3;1;9
1;171;13;0;1;1
1;171;14;1;4;7
1;171;15;1;1;1
1;171;16;2;8;3
1;171;17;0;7;3
1;171;18;1;3;0
1;171;19;1;12;1
1;171;20;0;1;1
1;171;21;1;3;8
1;171;22;0;0;4
1;171;23;0;2;0
1;171;24;0;2;0
1;171;25;0;4;3
1;171;26;0;7;1
1;171;27;0;3;6
1;171;28;0;10;1
1;171;29;1;5;1
1;171;30;0;1;14
1;172;1;0;3;4
1;172;2;1;4;3
1;172;3;0;0;0
1;172;4;2;5;1
1;172;5;2;7;3
1;172;6;1;5;0
1;172;7;2;1;2
1;172;8;1;0;3
1;172;9;2;12;0
1;172;10;1;3;13
1;172;11;0;1;5
1;172;12;0;0;3
1;172;13;0;7;2
1;172;14;2;1;0
1;172;15;0;14;0
1;172;16;0;7;3
1;172;17;0;9;0
1;172;18;1;5;0
1;172;19;0;6;1
1;172;20;0;14;0
1;172;21;0;5;0
1;172;22;1;2;3
1;172;23;0;2;0
1;172;24;0;0;3
1;172;25;0;4;1
1;172;26;0;4;18
1;172;27;0;0;1
1;172;28;0;1;0
1;172;29;0;1;0
1;172;30;0;0;0
1;173;1;2;3;3
1;173;2;0;1;5
1;173;3;1;1;0
1;173;4;2;0;0
1;173;5;0;5;3
1;173;6;0;6;2
1;173;7;0;0;9
1;173;8;0;2;3
1;173;9;0;3;0
1;173;10;1;7;3
1;173;11;0;0;4
1;173;12;4;3;7
1;173;13;0;1;6
1;173;14;0;11;2
1;173;15;0;3;13
1;173;16;2;3;0
1;173;17;1;12;0
1;173;18;0;0;15
1;173;19;1;1;8
1;173;20;0;3;1
1;173;21;1;2;10
1;173;22;1;2;1
1;173;23;1;4;1
1;173;24;0;1;4
1;173;25;0;8;0
1;173;26;3;4;0
1;173;27;1;1;10
1;173;28;0;10;5
1;173;29;0;0;0
1;173;30;0;0;3
1;174;1;2;2;3
1;174;2;0;1;0
1;174;3;0;0;1
1;174;4;1;3;0
1;174;5;0;0;3
1;174;6;0;1;4
1;174;7;0;5;1
1;174;8;3;3;0
1;174;9;0;0;3
1;174;10;2;2;8
1;174;11;0;5;0
1;174;12;1;0;1
1;174;13;0;0;7
1;174;14;0;2;0
1;174;15;2;4;3
1;174;16;0;2;0
1;174;17;0;0;2
1;174;18;2;8;0
1;174;19;0;0;1
1;174;20;0;5;0
1;174;21;0;0;0
1;174;22;1;3;1
1;174;23;0;0;1
1;174;24;1;1;1
1;174;25;0;6;1
1;174;26;0;3;11
1;174;27;0;12;0
1;174;28;2;0;6
1;174;29;0;1;3
1;174;30;0;0;6
1;175;1;1;0;0
1;175;2;0;2;4
1;175;3;1;4;0
1;175;4;1;0;1
1;175;5;1;0;0
1;175;6;0;2;1
1;175;7;0;1;4
1;175;8;3;3;3
1;175;9;1;0;0
1;175;10;2;15;1
1;175;11;0;0;1
1;175;12;0;9;1
1;175;13;0;3;2
1;175;14;0;0;1
1;175;15;0;10;4
1;175;16;1;2;3
1;175;17;0;18;0
1;175;18;2;0;1
1;175;19;3;3;0
1;175;20;1;0;11
1;175;21;0;4;1
1;175;22;1;0;9
1;175;23;1;0;5
1;175;24;0;7;0
1;175;25;0;16;2
1;175;26;1;3;1
1;175;27;0;0;2
1;175;28;0;0;9
1;175;29;0;4;2
1;175;30;0;0;1
1;176;1;5;0;0
1;176;2;0;2;12
1;176;3;2;6;3
1;176;4;1;1;0
1;176;5;2;4;2
1;176;6;1;1;1
1;176;7;0;1;14
1;176;8;0;2;2
1;176;9;0;6;1
1;176;10;0;11;10
1;176;11;0;3;1
1;176;12;2;5;3
1;176;13;3;3;8
1;176;14;0;1;2
1;176;15;0;2;0
1;176;16;0;6;1
1;176;17;1;0;3
1;176;18;0;0;1
1;176;19;2;11;1
1;176;20;0;2;0
1;176;21;0;0;5
1;176;22;1;3;6
1;176;23;1;0;1
1;176;24;0;1;0
1;176;25;1;3;3
1;176;26;0;8;9
1;176;27;0;2;1
1;176;28;0;8;3
1;176;29;0;0;4
1;176;30;0;0;0
1;177;1;0;1;1
1;177;2;0;1;6
1;177;3;0;1;1
1;177;4;0;4;2
1;177;5;2;0;3
1;177;6;0;8;1
1;177;7;0;12;0
1;177;8;1;4;5
1;177;9;0;2;0
1;177;10;0;1;0
1;177;11;0;1;5
1;177;12;0;9;1
1;177;13;2;10;4
1;177;14;0;4;2
1;177;15;0;4;5
1;177;16;0;0;8
1;177;17;0;0;4
1;177;18;0;3;3
1;177;19;0;1;13
1;177;20;0;6;0
1;177;21;0;7;1
1;177;22;0;0;2
1;177;23;0;9;0
1;177;24;0;0;1
1;177;25;0;0;6
1;177;26;0;1;9
1;177;27;0;4;1
1;177;28;0;2;9
1;177;29;1;16;6
1;177;30;0;3;1
1;178;1;0;1;0
1;178;2;1;8;3
1;178;3;0;4;7
1;178;4;1;7;1
1;178;5;2;3;0
1;178;6;1;3;1
1;178;7;1;4;0
1;178;8;0;2;8
1;178;9;0;0;11
1;178;10;0;16;3
1;178;11;0;2;3
1;178;12;0;0;1
1;178;13;1;3;0
1;178;14;0;1;0
1;178;15;2;2;8
1;178;16;0;0;2
1;178;17;0;0;2
1;178;18;1;8;4
1;178;19;2;2;12
1;178;20;0;2;0
1;178;21;1;0;1
1;178;22;1;4;0
1;178;23;0;0;4
1;178;24;0;2;1
1;178;25;0;10;1
1;178;26;2;7;2
1;178;27;0;0;2
1;178;28;0;6;0
1;178;29;0;0;4
1;178;30;1;6;1
1;179;1;1;0;2
1;179;2;0;0;0
1;179;3;2;5;3
1;179;4;0;3;0
1;179;5;0;1;0
1;179;6;0;8;3
1;179;7;1;9;1
1;179;8;0;3;0
1;179;9;0;4;1
1;179;10;5;1;0
1;179;11;0;1;1
1;179;12;1;7;17
1;179;13;0;0;1
1;179;14;1;1;8
1;179;15;0;0;1
1;179;16;1;4;5
1;179;17;0;0;1
1;179;18;1;0;4
1;179;19;0;0;0
1;179;20;0;1;0
1;179;21;0;3;15
1;179;22;2;2;1
1;179;23;1;3;7
1;179;24;3;3;13
1;179;25;0;0;1
1;179;26;1;1;9
1;179;27;0;2;3
1;179;28;0;0;0
1;179;29;0;3;0
1;179;30;0;0;0
1;180;1;0;2;1
1;180;2;0;2;0
1;180;3;0;6;0
1;180;4;0;0;0
1;180;5;0;4;11
1;180;6;0;1;5
1;180;7;2;0;1
1;180;8;0;1;0
1;180;9;0;3;7
1;180;10;0;0;1
1;180;11;2;0;0
1;180;12;0;5;0
1;180;13;1;3;9
1;180;14;4;12;1
1;180;15;1;0;2
1;180;16;1;0;2
1;180;17;0;11;2
1;180;18;0;15;0
1;180;19;0;6;18
1;180;20;0;0;3
1;180;21;0;0;10
1;180;22;2;0;2
1;180;23;0;0;3
1;180;24;2;3;9
1;180;25;2;9;4
1;180;26;1;2;13
1;180;27;0;0;2
1;180;28;1;2;1
1;180;29;1;3;1
1;180;30;0;1;0
1;181;1;2;8;4
1;181;2;0;0;0
1;181;3;0;2;10
1;181;4;0;12;2
1;181;5;1;11;4
1;181;6;1;1;5
1;181;7;0;0;5
1;181;8;0;1;0
1;181;9;2;1;12
1;181;10;0;0;2
1;181;11;0;5;0
1;181;12;0;1;1
1;181;13;0;2;1
1;181;14;0;4;5
1;181;15;1;0;12
1;181;16;0;4;3
1;181;17;0;5;3
1;181;18;1;15;1
1;181;19;0;11;4
1;181;20;0;0;0
1;181;21;0;0;13
1;181;22;0;0;11
1;181;23;1;13;1
1;181;24;0;2;2
1;181;25;0;14;1
1;181;26;0;3;4
1;181;27;0;1;5
1;181;28;0;1;3
1;181;29;1;1;1
1;181;30;0;8;0
1;182;1;0;0;0
1;182;2;1;0;0
1;182;3;0;3;4
1;182;4;0;3;3
1;182;5;0;1;1
1;182;6;0;3;0
1;182;7;0;15;0
1;182;8;0;1;7
1;182;9;0;8;2
1;182;10;0;2;1
1;182;11;1;0;0
1;182;12;1;4;0
1;182;13;1;0;15
1;182;14;1;0;5
1;182;15;0;0;5
1;182;16;0;0;0
1;182;17;0;0;0
1;182;18;0;11;0
1;182;19;0;7;2
1;182;20;1;5;0
1;182;21;1;1;0
1;182;22;0;12;0
1;182;23;1;2;4
1;182;24;1;3;13
1;182;25;0;5;13
1;182;26;0;1;0
1;182;27;1;0;0
1;182;28;0;4;1
1;182;29;1;5;1
1;182;30;2;0;6
1;183;1;0;11;1
1;183;2;0;3;1
1;183;3;2;2;5
1;183;4;0;6;0
1;183;5;2;1;2
1;183;6;0;0;0
1;183;7;2;0;0
1;183;8;0;0;0
1;183;9;0;2;4
1;183;10;0;0;9
1;183;11;2;3;0
1;183;12;0;8;0
1;183;13;0;6;1
1;183;14;0;2;10
1;183;15;0;0;7
1;183;16;0;12;3
1;183;17;3;1;1
1;183;18;0;0;1
1;183;19;0;8;1
1;183;20;2;2;11
1;183;21;1;0;0
1;183;22;0;11;0
1;183;23;0;10;0
1;183;24;0;1;1
1;183;25;0;2;0
1;183;26;0;0;1
1;183;27;1;10;0
1;183;28;0;2;3
1;183;29;0;0;0
1;183;30;0;3;0
1;184;1;0;0;4
1;184;2;0;3;1
1;184;3;3;8;1
1;184;4;0;1;1
1;184;5;0;12;0
1;184;6;0;8;1
1;184;7;1;3;2
1;184;8;1;2;1
1;184;9;2;0;2
1;184;10;1;0;6
1;184;11;1;1;0
1;184;12;1;1;0
1;184;13;1;1;1
1;184;14;1;2;1
1;184;15;0;0;3
1;184;16;0;10;6
1;184;17;3;3;1
1;184;18;0;11;16
1;184;19;0;4;0
1;184;20;0;14;0
1;184;21;0;0;0
1;184;22;2;2;2
1;184;23;1;6;0
1;184;24;0;1;6
1;184;25;0;1;3
1;184;26;0;0;0
1;184;27;2;1;11
1;184;28;1;4;0
1;184;29;0;10;0
1;184;30;1;2;8
1;185;1;0;2;2
1;185;2;0;1;2
1;185;3;0;0;0
1;185;4;2;4;1
1;185;5;1;2;3
1;185;6;0;0;1
1;185;7;1;9;6
1;185;8;0;0;1
1;185;9;0;4;1
1;185;10;0;0;1
1;185;11;0;0;0
1;185;12;0;11;6
1;185;13;0;4;3
1;185;14;1;6;5
1;185;15;0;1;0
1;185;16;0;4;1
1;185;17;0;1;1
1;185;18;0;1;0
1;185;19;0;9;1
1;185;20;0;0;1
1;185;21;0;1;9
1;185;22;0;4;0
1;185;23;0;4;2
1;185;24;2;1;0
1;185;25;0;3;0
1;185;26;0;0;7
1;185;27;0;14;0
1;185;28;0;2;9
1;185;29;1;0;0
1;185;30;1;15;0
1;186;1;2;0;11
1;186;2;4;3;0
1;186;3;2;2;0
1;186;4;0;0;10
1;186;5;2;0;0
1;186;6;0;2;1
1;186;7;0;2;2
1;186;8;0;1;2
1;186;9;2;2;13
1;186;10;1;4;0
1;186;11;1;2;2
1;186;12;0;1;1
1;186;13;0;0;5
1;186;14;1;2;1
1;186;15;0;0;0
1;186;16;0;2;6
1;186;17;1;0;0
1;186;18;0;3;2
1;186;19;0;2;7
1;186;20;2;1;1
1;186;21;0;1;0
1;186;22;0;0;6
1;186;23;0;0;8
1;186;24;0;8;3
1;186;25;1;4;0
1;186;26;0;9;3
1;186;27;0;0;4
1;186;28;2;10;1
1;186;29;0;1;7
1;186;30;2;2;8
1;187;1;0;0;0
1;187;2;0;2;7
1;187;3;0;6;0
1;187;4;1;1;8
1;187;5;0;0;4
1;187;6;0;2;0
1;187;7;1;1;0
1;187;8;0;1;0
1;187;9;0;6;1
1;187;10;0;0;1
1;187;11;0;2;1
1;187;12;2;4;1
1;187;13;0;0;1
1;187;14;2;3;0
1;187;15;0;1;2
1;187;16;0;0;1
1;187;17;2;0;9
1;187;18;0;4;0
1;187;19;1;7;0
1;187;20;0;2;3
1;187;21;0;7;4
1;187;22;0;9;2
1;187;23;0;6;0
1;187;24;1;1;8
1;187;25;3;13;5
1;187;26;0;0;1
1;187;27;0;4;0
1;187;28;3;6;0
1;187;29;0;5;1
1;187;30;0;2;9
1;188;1;0;4;0
1;188;2;0;1;1
1;188;3;0;8;0
1;188;4;3;2;0
1;188;5;0;0;2
1;188;6;0;0;5
1;188;7;0;1;1
1;188;8;0;4;2
1;188;9;0;13;0
1;188;10;0;0;2
1;188;11;1;1;6
1;188;12;0;8;0
1;188;13;0;2;0
1;188;14;0;0;0
1;188;15;2;1;3
1;188;16;2;0;1
1;188;17;0;0;3
1;188;18;1;0;8
1;188;19;0;1;2
1;188;20;1;7;13
1;188;21;0;2;2
1;188;22;1;6;2
1;188;23;2;6;3
1;188;24;1;0;9
1;188;25;0;2;1
1;188;26;1;0;11
1;188;27;0;0;0
1;188;28;0;3;1
1;188;29;1;0;0
1;188;30;0;9;2
1;189;1;0;2;0
1;189;2;0;4;5
1;189;3;0;0;7
1;189;4;0;3;1
1;189;5;0;0;0
1;189;6;1;4;1
1;189;7;2;1;0
1;189;8;1;3;2
1;189;9;1;3;3
1;189;10;2;0;0
1;189;11;0;0;4
1;189;12;3;12;5
1;189;13;0;3;0
1;189;14;0;9;2
1;189;15;2;14;6
1;189;16;0;0;8
1;189;17;0;12;0
1;189;18;0;16;1
1;189;19;1;0;0
1;189;20;0;7;0
1;189;21;2;1;10
1;189;22;1;2;1
1;189;23;1;2;0
1;189;24;0;1;4
1;189;25;0;0;3
1;189;26;0;5;1
1;189;27;0;0;3
1;189;28;0;0;6
1;189;29;0;0;8
1;189;30;0;6;2
1;190;1;2;4;12
1;190;2;1;0;1
1;190;3;2;0;7
1;190;4;1;10;1
1;190;5;0;0;0
1;190;6;0;4;0
1;190;7;3;6;15
1;190;8;0;4;6
1;190;9;0;0;5
1;190;10;0;8;5
1;190;11;0;0;0
1;190;12;0;2;1
1;190;13;1;1;0
1;190;14;0;0;12
1;190;15;0;0;8
1;190;16;0;0;7
1;190;17;0;11;1
1;190;18;0;0;0
1;190;19;0;2;0
1;190;20;1;3;2
1;190;21;0;2;2
1;190;22;1;2;1
1;190;23;0;4;1
1;190;24;0;3;3
1;190;25;1;2;2
1;190;26;2;7;3
1;190;27;0;0;13
1;190;28;0;2;3
1;190;29;1;2;4
1;190;30;4;4;10
1;191;1;0;0;4
1;191;2;1;9;2
1;191;3;0;7;0
1;191;4;2;0;0
1;191;5;0;9;3
1;191;6;0;6;17
1;191;7;1;2;5
1;191;8;1;0;8
1;191;9;0;9;6
1;191;10;3;1;0
1;191;11;1;3;1
1;191;12;0;2;0
1;191;13;0;1;3
1;191;14;0;3;2
1;191;15;2;0;0
1;191;16;2;1;2
1;191;17;0;8;1
1;191;18;2;10;1
1;191;19;0;2;2
1;191;20;0;0;8
1;191;21;0;1;1
1;191;22;0;3;1
1;191;23;0;3;3
1;191;24;1;9;0
1;191;25;2;8;8
1;191;26;0;1;8
1;191;27;1;2;1
1;191;28;0;0;0
1;191;29;0;2;0
1;191;30;0;0;9
1;192;1;1;0;2
1;192;2;0;1;0
1;192;3;0;3;0
1;192;4;0;0;6
1;192;5;1;0;3
1;192;6;1;0;11
1;192;7;0;0;2
1;192;8;1;0;1
1;192;9;1;8;8
1;192;10;1;2;1
1;192;11;0;6;5
1;192;12;3;4;6
1;192;13;0;8;1
1;192;14;0;1;7
1;192;15;2;1;1
1;192;16;0;1;3
1;192;17;0;3;3
1;192;18;3;3;2
1;192;19;1;4;2
1;192;20;0;0;1
1;192;21;0;0;1
1;192;22;0;13;4
1;192;23;1;0;1
1;192;24;1;16;1
1;192;25;1;2;9
1;192;26;2;6;2
1;192;27;1;0;2
1;192;28;0;0;0
1;192;29;1;12;0
1;192;30;0;0;0
1;193;1;0;0;8
1;193;2;1;0;0
1;193;3;0;13;3
1;193;4;3;0;2
1;193;5;0;1;12
1;193;6;0;4;2
1;193;7;1;0;1
1;193;8;1;2;1
1;193;9;0;1;1
1;193;10;1;2;3
1;193;11;0;1;11
1;193;12;1;6;0
1;193;13;1;0;3
1;193;14;0;0;11
1;193;15;0;0;1
1;193;16;0;0;4
1;193;17;1;0;0
1;193;18;0;0;5
1;193;19;0;0;1
1;193;20;1;1;1
1;193;21;2;0;4
1;193;22;0;0;0
1;193;23;0;13;2
1;193;24;0;3;4
1;193;25;0;4;5
1;193;26;0;17;0
1;193;27;0;0;9
1;193;28;1;7;2
1;193;29;0;12;0
1;193;30;0;0;3
1;194;1;2;7;4
1;194;2;0;5;1
1;194;3;0;0;3
1;194;4;0;0;2
1;194;5;0;0;1
1;194;6;0;0;1
1;194;7;0;1;10
1;194;8;0;14;5
1;194;9;0;2;0
1;194;10;0;4;3
1;194;11;0;3;4
1;194;12;0;1;1
1;194;13;0;9;1
1;194;14;0;2;6
1;194;15;2;1;3
1;194;16;0;0;0
1;194;17;1;1;0
1;194;18;1;2;7
1;194;19;1;11;0
1;194;20;1;0;0
1;194;21;0;1;0
1;194;22;1;2;1
1;194;23;2;9;10
1;194;24;0;0;2
1;194;25;1;2;0
1;194;26;0;4;0
1;194;27;1;1;0
1;194;28;1;2;10
1;194;29;0;10;1
1;194;30;1;1;0
1;195;1;0;1;5
1;195;2;1;0;7
1;195;3;0;2;1
1;195;4;3;10;5
1;195;5;2;1;4
1;195;6;0;1;14
1;195;7;0;0;4
1;195;8;0;1;1
1;195;9;0;2;3
1;195;10;0;1;4
1;195;11;0;0;7
1;195;12;0;2;2
1;195;13;0;0;1
1;195;14;1;2;0
1;195;15;0;7;0
1;195;16;4;2;2
1;195;17;0;1;11
1;195;18;1;0;2
1;195;19;0;0;0
1;195;20;1;0;9
1;195;21;0;9;1
1;195;22;0;0;0
1;195;23;0;3;0
1;195;24;0;0;8
1;195;25;0;5;11
1;195;26;0;0;0
1;195;27;0;2;4
1;195;28;1;3;10
1;195;29;0;3;11
1;195;30;0;0;4
1;196;1;0;1;0
1;196;2;0;2;5
1;196;3;0;0;1
1;196;4;1;0;8
1;196;5;0;0;1
1;196;6;0;2;5
1;196;7;0;0;0
1;196;8;0;1;0
1;196;9;0;0;1
1;196;10;2;1;0
1;196;11;0;1;7
1;196;12;0;0;0
1;196;13;1;2;0
1;196;14;0;0;0
1;196;15;1;0;3
1;196;16;1;8;12
1;196;17;0;6;1
1;196;18;0;2;2
1;196;19;0;1;18
1;196;20;1;8;14
1;196;21;0;3;3
1;196;22;0;0;1
1;196;23;1;0;2
1;196;24;0;0;0
1;196;25;0;12;0
1;196;26;0;16;2
1;196;27;0;2;2
1;196;28;1;2;4
1;196;29;0;0;0
1;196;30;1;0;2
1;197;1;0;2;0
1;197;2;0;12;1
1;197;3;0;0;0
1;197;4;0;9;1
1;197;5;3;2;1
1;197;6;1;2;2
1;197;7;0;5;0
1;197;8;1;7;6
1;197;9;0;2;3
1;197;10;1;1;3
1;197;11;1;0;1
1;197;12;0;4;2
1;197;13;1;1;2
1;197;14;0;0;1
1;197;15;0;0;1
1;197;16;0;0;2
1;197;17;0;0;3
1;197;18;0;2;1
1;197;19;0;0;3
1;197;20;0;1;0
1;197;21;1;10;4
1;197;22;0;0;13
1;197;23;0;3;0
1;197;24;2;8;4
1;197;25;0;1;1
1;197;26;0;6;2
1;197;27;0;0;6
1;197;28;2;10;1
1;197;29;0;0;11
1;197;30;0;0;0
1;198;1;2;8;1
1;198;2;2;8;6
1;198;3;1;1;1
1;198;4;0;0;3
1;198;5;0;10;2
1;198;6;0;8;5
1;198;7;1;1;2
1;198;8;0;2;3
1;198;9;0;0;4
1;198;10;1;0;0
1;198;11;1;4;8
1;198;12;0;1;0
1;198;13;0;6;5
1;198;14;1;1;0
1;198;15;0;0;1
1;198;16;0;2;11
1;198;17;2;3;1
1;198;18;1;3;0
1;198;19;1;0;2
1;198;20;1;1;0
1;198;21;2;1;6
1;198;22;0;0;1
1;198;23;0;0;7
1;198;24;0;0;5
1;198;25;1;8;6
1;198;26;0;0;5
1;198;27;0;16;0
1;198;28;0;6;0
1;198;29;2;0;6
1;198;30;1;8;2
1;199;1;0;0;0
1;199;2;0;0;2
1;199;3;1;8;3
1;199;4;0;10;4
1;199;5;0;2;6
1;199;6;1;0;0
1;199;7;0;8;1
1;199;8;1;4;14
1;199;9;0;3;1
1;199;10;0;0;6
1;199;11;2;3;6
1;199;12;0;2;0
1;199;13;0;6;1
1;199;14;1;5;0
1;199;15;0;0;5
1;199;16;0;4;9
1;199;17;1;0;6
1;199;18;0;4;1
1;199;19;2;10;1
1;199;20;2;3;3
1;199;21;0;0;0
1;199;22;1;1;9
1;199;23;2;2;2
1;199;24;0;2;13
1;199;25;0;1;0
1;199;26;0;0;0
1;199;27;0;9;4
1;199;28;0;3;1
1;199;29;0;7;1
1;199;30;0;7;0
1;200;1;1;4;0
1;200;2;5;6;6
1;200;3;0;0;1
1;200;4;2;0;4
1;200;5;0;16;0
1;200;6;2;1;0
1;200;7;0;0;0
1;200;8;0;1;1
1;200;9;1;4;2
1;200;10;1;1;0
1;200;11;0;1;0
1;200;12;1;2;0
1;200;13;4;2;0
1;200;14;0;7;0
1;200;15;0;11;5
1;200;16;0;1;8
1;200;17;0;0;1
1;200;18;0;1;1
1;200;19;0;0;2
1;200;20;0;1;1
1;200;21;1;0;4
1;200;22;0;4;2
1;200;23;2;2;1
1;200;24;0;2;0
1;200;25;1;5;6
1;200;26;1;14;5
1;200;27;0;2;14
1;200;28;1;9;0
1;200;29;3;0;6
1;200;30;0;5;0
