"simulation";"bout";"interference";"exploitation1";"exploitation2"
1;1;0;1;41
1;2;0;1;5
1;3;0;1;3
1;4;1;0;16
1;5;0;1;3
1;6;2;12;10
1;7;2;0;0
1;8;3;26;3
1;9;0;0;0
1;10;2;0;0
1;11;0;1;1
1;12;4;5;17
1;13;2;19;15
1;14;1;0;7
1;15;0;0;35
1;16;4;12;2
1;17;0;0;1
1;18;0;1;1
1;19;0;1;1
1;20;0;1;0
1;21;0;1;0
1;22;0;1;2
1;23;4;17;9
1;24;0;0;2
1;25;1;9;1
1;26;0;0;5
1;27;0;0;1
1;28;1;1;22
1;29;1;41;6
1;30;1;1;11
1;31;0;0;1
1;32;0;5;0
1;33;2;37;8
1;34;0;6;0
1;35;10;8;0
1;36;0;0;7
1;37;0;1;7
1;38;0;4;18
1;39;2;1;8
1;40;1;35;1
1;41;5;3;4
1;42;0;4;15
1;43;0;0;7
1;44;2;7;1
1;45;0;3;1
1;46;0;9;0
1;47;0;0;7
1;48;0;3;4
1;49;0;0;1
1;50;0;0;4
2;1;0;0;0
2;2;0;0;2
2;3;2;0;0
2;4;0;0;0
2;5;2;16;1
2;6;0;0;1
2;7;0;0;3
2;8;0;1;1
2;9;0;1;1
2;10;2;10;0
2;11;2;0;0
2;12;2;0;0
2;13;2;0;0
2;14;0;1;0
2;15;0;1;1
2;16;0;1;1
2;17;0;1;1
2;18;2;0;0
2;19;0;1;0
2;20;0;11;1
2;21;0;1;1
2;22;2;0;0
2;23;5;22;19
2;24;0;2;1
2;25;0;1;3
2;26;4;6;35
2;27;0;1;1
2;28;0;2;2
2;29;0;1;1
2;30;5;20;34
2;31;1;2;2
2;32;1;1;40
2;33;2;17;0
2;34;0;1;0
2;35;1;3;51
2;36;3;0;24
2;37;3;1;1
2;38;1;4;19
2;39;0;6;0
2;40;2;39;17
2;41;0;0;5
2;42;0;24;0
2;43;3;16;0
2;44;1;3;4
2;45;0;0;1
2;46;1;12;2
2;47;0;0;4
2;48;2;0;22
2;49;4;12;1
2;50;0;3;13
3;1;0;0;2
3;2;0;0;0
3;3;2;0;0
3;4;2;0;0
3;5;2;0;0
3;6;0;1;1
3;7;0;2;0
3;8;0;1;7
3;9;2;0;0
3;10;1;0;0
3;11;0;1;1
3;12;0;1;1
3;13;0;1;1
3;14;0;1;7
3;15;0;1;1
3;16;0;1;1
3;17;0;3;1
3;18;0;1;1
3;19;3;25;0
3;20;0;1;1
3;21;0;22;4
3;22;0;1;1
3;23;0;0;1
3;24;1;29;3
3;25;1;13;70
3;26;0;3;1
3;27;0;1;0
3;28;2;4;78
3;29;0;1;1
3;30;1;0;5
3;31;1;21;8
3;32;0;1;1
3;33;10;18;63
3;34;0;0;1
3;35;1;0;4
3;36;3;7;45
3;37;6;33;4
3;38;1;0;11
3;39;0;0;0
3;40;2;35;14
3;41;2;29;2
3;42;1;67;1
3;43;1;25;0
3;44;3;15;3
3;45;0;3;1
3;46;1;6;5
3;47;4;1;25
3;48;1;13;0
3;49;0;4;11
3;50;1;7;0
4;1;0;0;0
4;2;1;2;5
4;3;2;0;0
4;4;0;1;1
4;5;2;0;0
4;6;1;13;12
4;7;2;0;0
4;8;0;0;2
4;9;2;0;0
4;10;1;0;1
4;11;0;1;0
4;12;0;1;3
4;13;1;0;12
4;14;2;54;3
4;15;0;1;1
4;16;0;1;1
4;17;2;0;0
4;18;0;1;1
4;19;0;1;1
4;20;0;1;4
4;21;0;1;1
4;22;0;1;0
4;23;0;1;1
4;24;0;1;0
4;25;1;3;20
4;26;0;17;1
4;27;0;0;1
4;28;3;2;18
4;29;0;1;0
4;30;0;1;0
4;31;0;3;5
4;32;0;1;1
4;33;0;0;1
4;34;4;25;3
4;35;0;4;28
4;36;0;15;0
4;37;0;1;1
4;38;6;12;10
4;39;5;30;67
4;40;0;1;2
4;41;3;5;30
4;42;0;4;1
4;43;1;1;0
4;44;1;1;48
4;45;1;6;32
4;46;1;24;10
4;47;0;5;2
4;48;0;3;13
4;49;4;10;20
4;50;1;6;0
5;1;0;8;1
5;2;0;1;3
5;3;2;0;0
5;4;2;27;2
5;5;0;1;1
5;6;0;1;1
5;7;0;0;0
5;8;0;0;1
5;9;0;3;14
5;10;0;1;1
5;11;0;1;0
5;12;2;0;0
5;13;0;1;1
5;14;0;0;34
5;15;0;1;6
5;16;2;0;0
5;17;11;11;22
5;18;2;3;0
5;19;0;1;1
5;20;2;1;0
5;21;0;1;0
5;22;0;0;2
5;23;1;3;23
5;24;0;1;1
5;25;2;0;3
5;26;2;0;0
5;27;0;21;0
5;28;0;1;4
5;29;0;1;0
5;30;2;24;3
5;31;0;1;1
5;32;1;1;3
5;33;2;25;18
5;34;2;3;7
5;35;5;25;19
5;36;1;7;0
5;37;2;3;0
5;38;0;1;0
5;39;0;0;1
5;40;1;1;14
5;41;0;8;0
5;42;1;18;0
5;43;0;47;1
5;44;0;3;1
5;45;1;3;2
5;46;1;0;0
5;47;4;13;9
5;48;0;2;2
5;49;0;4;4
5;50;0;1;37
6;1;0;0;3
6;2;2;24;10
6;3;0;0;0
6;4;0;0;21
6;5;2;0;0
6;6;5;49;17
6;7;0;4;0
6;8;1;2;2
6;9;0;1;1
6;10;2;0;0
6;11;0;0;13
6;12;0;2;0
6;13;0;1;1
6;14;0;1;1
6;15;0;1;1
6;16;0;1;1
6;17;0;1;1
6;18;0;1;1
6;19;0;6;0
6;20;1;0;9
6;21;0;4;9
6;22;1;19;3
6;23;0;0;7
6;24;0;3;1
6;25;0;1;1
6;26;0;0;1
6;27;0;0;1
6;28;1;4;11
6;29;0;1;1
6;30;0;6;1
6;31;0;0;1
6;32;4;31;18
6;33;1;1;19
6;34;2;25;3
6;35;0;0;1
6;36;0;26;0
6;37;0;41;2
6;38;1;5;1
6;39;0;3;0
6;40;0;2;0
6;41;0;40;1
6;42;0;4;0
6;43;0;34;0
6;44;1;4;0
6;45;0;25;0
6;46;1;11;3
6;47;0;16;0
6;48;0;14;0
6;49;0;3;12
6;50;0;30;0
7;1;2;0;0
7;2;4;58;30
7;3;9;39;27
7;4;0;1;1
7;5;0;1;2
7;6;0;7;1
7;7;0;0;0
7;8;0;5;1
7;9;0;0;0
7;10;0;1;3
7;11;0;1;1
7;12;1;0;0
7;13;0;1;1
7;14;2;0;0
7;15;0;1;0
7;16;0;1;1
7;17;0;0;1
7;18;0;15;2
7;19;0;1;19
7;20;0;0;1
7;21;0;3;3
7;22;1;1;27
7;23;0;0;1
7;24;1;28;4
7;25;0;1;3
7;26;0;3;1
7;27;1;0;22
7;28;0;1;0
7;29;0;0;4
7;30;0;5;12
7;31;0;27;0
7;32;1;40;15
7;33;0;29;0
7;34;1;1;0
7;35;0;0;18
7;36;2;0;1
7;37;2;38;3
7;38;0;1;13
7;39;4;22;4
7;40;0;25;0
7;41;0;0;7
7;42;0;1;16
7;43;2;11;11
7;44;1;1;5
7;45;0;9;11
7;46;0;2;4
7;47;0;1;0
7;48;0;3;0
7;49;2;3;31
7;50;0;2;0
8;1;2;0;0
8;2;0;1;3
8;3;2;0;0
8;4;2;0;0
8;5;1;0;0
8;6;0;0;5
8;7;2;0;0
8;8;0;1;1
8;9;0;1;1
8;10;2;52;20
8;11;0;2;0
8;12;0;1;1
8;13;0;1;1
8;14;0;0;17
8;15;6;33;11
8;16;0;3;5
8;17;0;3;14
8;18;7;8;5
8;19;1;0;9
8;20;1;1;29
8;21;0;7;1
8;22;5;13;10
8;23;0;0;27
8;24;0;36;6
8;25;0;0;24
8;26;0;51;1
8;27;0;0;14
8;28;0;1;0
8;29;2;5;17
8;30;3;1;21
8;31;0;10;3
8;32;4;20;19
8;33;0;1;0
8;34;0;4;11
8;35;1;3;1
8;36;1;8;1
8;37;0;0;1
8;38;0;6;1
8;39;0;11;20
8;40;0;11;0
8;41;0;8;0
8;42;2;12;4
8;43;0;8;0
8;44;0;2;8
8;45;0;3;0
8;46;0;0;3
8;47;0;1;16
8;48;0;0;1
8;49;2;3;2
8;50;0;9;5
9;1;0;0;3
9;2;0;1;1
9;3;2;0;0
9;4;0;4;0
9;5;0;3;4
9;6;2;0;0
9;7;0;1;1
9;8;0;2;19
9;9;5;29;26
9;10;0;1;3
9;11;0;1;1
9;12;0;33;18
9;13;0;0;1
9;14;0;0;1
9;15;3;3;2
9;16;2;2;8
9;17;0;58;0
9;18;4;14;3
9;19;0;38;0
9;20;0;1;0
9;21;0;1;3
9;22;8;11;7
9;23;1;1;0
9;24;0;1;1
9;25;0;0;0
9;26;1;4;9
9;27;0;0;2
9;28;1;0;0
9;29;0;2;0
9;30;2;22;4
9;31;1;0;10
9;32;0;0;5
9;33;2;1;1
9;34;0;0;1
9;35;0;0;33
9;36;1;14;2
9;37;0;0;23
9;38;3;26;9
9;39;2;10;1
9;40;1;5;3
9;41;0;3;4
9;42;0;40;0
9;43;0;0;6
9;44;0;4;1
9;45;1;0;5
9;46;0;2;0
9;47;0;0;20
9;48;0;1;0
9;49;0;4;0
9;50;1;2;5
10;1;0;0;0
10;2;2;0;10
10;3;0;1;1
10;4;4;7;8
10;5;0;1;1
10;6;0;1;1
10;7;0;2;0
10;8;1;22;1
10;9;0;1;2
10;10;0;3;1
10;11;0;1;1
10;12;1;13;2
10;13;0;1;2
10;14;0;9;1
10;15;0;0;1
10;16;0;1;1
10;17;0;1;1
10;18;0;1;10
10;19;0;1;1
10;20;0;33;9
10;21;0;18;1
10;22;1;17;10
10;23;1;1;4
10;24;0;11;1
10;25;1;4;26
10;26;0;5;0
10;27;2;18;19
10;28;0;2;0
10;29;1;1;18
10;30;2;16;4
10;31;0;0;0
10;32;0;5;0
10;33;2;14;19
10;34;1;33;3
10;35;1;13;3
10;36;0;3;21
10;37;0;8;10
10;38;1;32;2
10;39;1;15;7
10;40;0;9;2
10;41;0;21;0
10;42;1;9;2
10;43;0;19;2
10;44;1;4;8
10;45;0;0;11
10;46;0;4;6
10;47;1;11;3
10;48;0;45;0
10;49;2;2;1
10;50;0;0;7
11;1;0;0;7
11;2;0;1;1
11;3;2;0;0
11;4;0;1;1
11;5;0;0;1
11;6;0;1;1
11;7;0;1;1
11;8;2;0;0
11;9;0;2;1
11;10;0;2;1
11;11;0;1;1
11;12;0;4;7
11;13;0;1;0
11;14;2;31;70
11;15;0;3;9
11;16;5;65;13
11;17;0;1;2
11;18;0;3;1
11;19;0;1;2
11;20;1;3;7
11;21;0;0;1
11;22;0;1;46
11;23;0;1;0
11;24;0;1;0
11;25;0;1;1
11;26;2;33;5
11;27;1;1;10
11;28;0;4;7
11;29;0;4;2
11;30;2;10;18
11;31;0;26;1
11;32;1;10;0
11;33;0;2;4
11;34;0;4;1
11;35;0;17;17
11;36;0;1;5
11;37;0;5;16
11;38;1;2;0
11;39;0;0;28
11;40;0;2;0
11;41;0;13;2
11;42;0;29;6
11;43;2;6;9
11;44;2;18;7
11;45;2;0;4
11;46;1;9;12
11;47;0;0;4
11;48;0;18;1
11;49;1;6;24
11;50;0;2;9
12;1;4;47;9
12;2;2;0;0
12;3;0;1;1
12;4;2;0;0
12;5;2;0;0
12;6;1;0;0
12;7;1;0;0
12;8;0;1;1
12;9;0;1;1
12;10;3;7;12
12;11;0;6;0
12;12;2;5;29
12;13;0;0;1
12;14;1;4;0
12;15;1;26;4
12;16;0;2;1
12;17;0;1;8
12;18;1;7;2
12;19;0;49;0
12;20;0;1;0
12;21;0;1;1
12;22;1;2;19
12;23;0;1;0
12;24;1;20;3
12;25;1;7;1
12;26;5;20;2
12;27;1;44;5
12;28;1;0;1
12;29;0;1;18
12;30;0;5;0
12;31;0;18;0
12;32;0;0;16
12;33;0;1;0
12;34;0;35;0
12;35;0;2;3
12;36;0;9;0
12;37;0;0;1
12;38;6;16;0
12;39;1;2;2
12;40;0;9;0
12;41;0;2;3
12;42;1;3;12
12;43;0;1;32
12;44;1;9;2
12;45;0;12;0
12;46;0;21;4
12;47;2;10;4
12;48;0;15;3
12;49;0;0;16
12;50;1;28;3
13;1;0;2;0
13;2;0;1;0
13;3;3;0;34
13;4;1;1;0
13;5;1;5;1
13;6;0;1;1
13;7;0;1;1
13;8;0;1;2
13;9;0;4;29
13;10;0;1;0
13;11;2;0;0
13;12;0;1;3
13;13;2;0;2
13;14;4;2;2
13;15;0;1;4
13;16;1;1;17
13;17;2;59;4
13;18;0;0;2
13;19;0;3;1
13;20;0;1;0
13;21;0;1;0
13;22;2;4;11
13;23;0;0;1
13;24;0;3;0
13;25;0;0;1
13;26;5;0;4
13;27;0;0;1
13;28;0;0;1
13;29;1;25;15
13;30;0;0;0
13;31;1;2;1
13;32;1;2;5
13;33;1;2;1
13;34;0;9;1
13;35;1;0;16
13;36;2;9;4
13;37;0;0;1
13;38;2;11;6
13;39;2;6;5
13;40;1;1;7
13;41;0;14;6
13;42;2;2;21
13;43;3;1;3
13;44;5;1;8
13;45;1;0;0
13;46;0;1;5
13;47;2;0;2
13;48;1;1;1
13;49;0;7;4
13;50;1;10;7
14;1;1;3;30
14;2;0;0;0
14;3;0;1;1
14;4;0;1;1
14;5;0;1;1
14;6;0;2;1
14;7;0;8;1
14;8;0;1;1
14;9;0;1;1
14;10;1;0;4
14;11;0;0;1
14;12;0;1;3
14;13;0;1;3
14;14;0;0;1
14;15;0;1;1
14;16;0;1;1
14;17;0;1;6
14;18;2;5;6
14;19;0;25;3
14;20;1;41;2
14;21;0;74;1
14;22;6;43;9
14;23;1;2;3
14;24;0;0;1
14;25;0;1;0
14;26;0;1;1
14;27;0;1;44
14;28;0;1;3
14;29;4;5;14
14;30;2;27;4
14;31;1;0;0
14;32;7;17;12
14;33;1;1;26
14;34;1;16;0
14;35;1;19;0
14;36;2;20;14
14;37;1;9;23
14;38;1;3;1
14;39;0;1;2
14;40;0;1;13
14;41;1;4;1
14;42;1;12;0
14;43;1;12;2
14;44;1;43;0
14;45;1;1;0
14;46;3;2;10
14;47;4;2;17
14;48;1;1;1
14;49;1;1;8
14;50;0;0;13
15;1;1;1;2
15;2;0;37;4
15;3;2;0;0
15;4;2;0;0
15;5;0;0;2
15;6;2;0;0
15;7;0;1;0
15;8;0;0;0
15;9;1;0;0
15;10;0;1;1
15;11;3;24;33
15;12;2;0;0
15;13;0;1;1
15;14;2;10;2
15;15;0;2;0
15;16;0;0;0
15;17;0;1;1
15;18;0;1;0
15;19;0;1;1
15;20;0;1;5
15;21;0;1;1
15;22;0;1;1
15;23;0;1;1
15;24;0;1;1
15;25;0;1;0
15;26;0;28;0
15;27;0;1;1
15;28;0;10;3
15;29;1;1;20
15;30;0;1;1
15;31;0;1;0
15;32;0;5;0
15;33;0;1;3
15;34;0;1;6
15;35;0;1;0
15;36;2;18;4
15;37;0;1;0
15;38;1;1;21
15;39;0;0;1
15;40;1;3;28
15;41;0;8;84
15;42;0;37;1
15;43;2;1;0
15;44;2;17;13
15;45;0;4;15
15;46;0;0;19
15;47;0;0;8
15;48;2;3;3
15;49;1;9;4
15;50;3;6;3
16;1;2;0;0
16;2;2;0;0
16;3;2;0;0
16;4;2;4;0
16;5;0;0;5
16;6;2;18;4
16;7;2;0;0
16;8;0;1;1
16;9;2;0;0
16;10;3;3;1
16;11;0;1;0
16;12;0;1;1
16;13;0;4;1
16;14;2;0;0
16;15;0;1;1
16;16;2;0;2
16;17;3;56;21
16;18;2;0;0
16;19;0;0;1
16;20;0;1;0
16;21;2;0;0
16;22;2;64;0
16;23;6;8;6
16;24;4;16;7
16;25;1;2;36
16;26;1;40;8
16;27;0;2;1
16;28;1;39;10
16;29;1;11;3
16;30;0;10;0
16;31;2;0;0
16;32;1;19;5
16;33;3;0;7
16;34;2;0;0
16;35;6;7;27
16;36;0;5;10
16;37;0;25;0
16;38;0;45;4
16;39;0;0;7
16;40;4;10;29
16;41;1;2;17
16;42;1;23;0
16;43;0;3;2
16;44;2;2;8
16;45;1;1;30
16;46;1;1;4
16;47;3;5;12
16;48;2;4;5
16;49;0;10;9
16;50;0;4;3
17;1;2;0;0
17;2;2;0;0
17;3;0;1;4
17;4;0;1;3
17;5;3;11;15
17;6;2;3;14
17;7;0;1;1
17;8;0;0;1
17;9;0;1;6
17;10;0;0;27
17;11;0;1;0
17;12;1;1;2
17;13;0;1;1
17;14;0;1;1
17;15;5;6;8
17;16;0;2;0
17;17;1;53;1
17;18;1;0;24
17;19;0;2;0
17;20;0;0;1
17;21;0;6;1
17;22;3;3;9
17;23;0;4;0
17;24;0;7;0
17;25;0;0;5
17;26;5;16;25
17;27;0;1;3
17;28;0;2;13
17;29;0;1;8
17;30;0;9;1
17;31;0;25;0
17;32;0;1;1
17;33;2;39;17
17;34;0;18;0
17;35;0;0;3
17;36;1;5;6
17;37;1;51;4
17;38;0;3;2
17;39;1;6;11
17;40;4;47;24
17;41;2;53;6
17;42;3;64;0
17;43;0;1;12
17;44;1;6;1
17;45;5;25;7
17;46;1;12;6
17;47;1;2;1
17;48;2;25;3
17;49;1;12;2
17;50;1;11;1
18;1;1;0;22
18;2;0;0;2
18;3;0;1;1
18;4;2;0;0
18;5;2;0;0
18;6;0;1;1
18;7;0;1;1
18;8;2;0;0
18;9;0;0;1
18;10;0;0;0
18;11;0;5;2
18;12;0;1;1
18;13;0;0;0
18;14;2;0;0
18;15;0;0;1
18;16;0;0;0
18;17;3;30;3
18;18;0;1;1
18;19;1;0;0
18;20;2;0;1
18;21;0;1;1
18;22;0;21;4
18;23;0;1;1
18;24;0;1;0
18;25;0;1;1
18;26;0;1;0
18;27;3;4;19
18;28;0;26;1
18;29;2;10;3
18;30;0;1;4
18;31;0;1;0
18;32;4;8;17
18;33;0;1;1
18;34;0;1;0
18;35;0;4;1
18;36;0;23;6
18;37;0;1;4
18;38;0;5;15
18;39;1;7;33
18;40;2;38;18
18;41;3;31;2
18;42;1;10;4
18;43;0;0;61
18;44;0;1;11
18;45;0;10;49
18;46;0;6;2
18;47;0;9;20
18;48;0;0;0
18;49;0;0;21
18;50;0;0;32
19;1;6;6;4
19;2;2;0;0
19;3;2;0;0
19;4;1;3;0
19;5;0;0;2
19;6;0;2;0
19;7;0;1;1
19;8;2;0;0
19;9;0;1;1
19;10;0;3;1
19;11;2;0;0
19;12;2;4;10
19;13;0;1;4
19;14;0;0;20
19;15;0;1;1
19;16;0;1;1
19;17;0;1;1
19;18;0;1;1
19;19;0;1;0
19;20;0;1;1
19;21;0;1;0
19;22;2;15;15
19;23;0;19;3
19;24;0;2;4
19;25;0;4;1
19;26;0;0;23
19;27;0;1;1
19;28;2;1;0
19;29;0;1;10
19;30;2;49;2
19;31;1;41;1
19;32;1;0;3
19;33;0;0;0
19;34;1;9;28
19;35;0;17;0
19;36;0;1;0
19;37;0;2;5
19;38;0;3;19
19;39;0;18;5
19;40;0;3;2
19;41;0;0;12
19;42;1;8;15
19;43;0;16;0
19;44;1;29;2
19;45;1;0;2
19;46;3;0;0
19;47;0;2;14
19;48;2;33;3
19;49;1;29;0
19;50;2;5;5
20;1;0;1;1
20;2;0;6;1
20;3;0;1;1
20;4;0;1;1
20;5;0;2;3
20;6;0;1;1
20;7;0;1;1
20;8;0;1;1
20;9;0;1;1
20;10;2;17;17
20;11;0;1;1
20;12;0;0;1
20;13;0;19;0
20;14;0;1;1
20;15;0;44;1
20;16;0;2;3
20;17;1;1;2
20;18;0;2;1
20;19;1;5;1
20;20;0;1;0
20;21;0;0;1
20;22;1;7;4
20;23;9;39;77
20;24;0;0;10
20;25;0;1;1
20;26;1;2;8
20;27;0;0;8
20;28;0;2;0
20;29;6;19;11
20;30;2;40;1
20;31;3;2;23
20;32;1;23;1
20;33;5;14;12
20;34;2;9;18
20;35;0;0;3
20;36;0;0;11
20;37;1;1;1
20;38;2;4;45
20;39;2;4;13
20;40;2;8;9
20;41;2;2;0
20;42;0;0;25
20;43;3;6;2
20;44;0;1;8
20;45;0;9;1
20;46;0;0;10
20;47;0;4;2
20;48;1;4;6
20;49;0;1;1
20;50;0;19;3
21;1;0;1;0
21;2;0;1;1
21;3;0;1;1
21;4;0;0;0
21;5;0;0;0
21;6;2;0;0
21;7;2;0;0
21;8;1;8;11
21;9;0;1;1
21;10;0;2;1
21;11;4;1;36
21;12;1;0;0
21;13;1;1;0
21;14;2;0;0
21;15;2;0;0
21;16;2;0;3
21;17;2;0;0
21;18;4;63;6
21;19;0;1;1
21;20;2;0;0
21;21;0;1;6
21;22;4;5;42
21;23;0;2;2
21;24;0;1;1
21;25;0;0;1
21;26;0;1;1
21;27;0;1;1
21;28;0;2;1
21;29;0;0;1
21;30;0;8;0
21;31;0;0;1
21;32;1;21;19
21;33;0;0;15
21;34;1;1;3
21;35;0;0;1
21;36;0;14;1
21;37;0;6;1
21;38;0;1;5
21;39;1;65;3
21;40;0;3;6
21;41;0;14;0
21;42;0;0;1
21;43;3;0;4
21;44;0;0;1
21;45;0;0;2
21;46;1;30;5
21;47;0;4;11
21;48;0;1;0
21;49;0;0;2
21;50;0;33;0
22;1;2;0;0
22;2;2;0;2
22;3;2;0;4
22;4;0;1;0
22;5;2;0;0
22;6;0;0;0
22;7;0;0;37
22;8;2;0;3
22;9;0;1;1
22;10;0;0;2
22;11;2;0;0
22;12;0;7;5
22;13;2;1;0
22;14;0;1;1
22;15;2;0;1
22;16;5;25;5
22;17;2;0;0
22;18;0;1;0
22;19;0;9;1
22;20;2;25;2
22;21;0;1;6
22;22;0;31;9
22;23;2;19;2
22;24;0;1;1
22;25;0;3;1
22;26;0;0;1
22;27;0;5;1
22;28;0;6;2
22;29;0;0;1
22;30;0;2;1
22;31;0;5;9
22;32;1;8;28
22;33;1;12;30
22;34;1;5;20
22;35;3;0;4
22;36;1;0;36
22;37;0;1;5
22;38;3;1;6
22;39;0;1;0
22;40;1;1;0
22;41;2;11;17
22;42;0;0;1
22;43;1;0;6
22;44;0;1;1
22;45;1;1;4
22;46;3;23;14
22;47;1;0;4
22;48;2;13;5
22;49;1;12;6
22;50;1;22;7
23;1;2;0;0
23;2;1;6;5
23;3;2;0;1
23;4;4;18;6
23;5;2;3;17
23;6;0;6;4
23;7;2;0;0
23;8;2;14;0
23;9;2;0;0
23;10;2;0;0
23;11;6;52;10
23;12;2;0;0
23;13;0;1;1
23;14;1;3;0
23;15;0;4;1
23;16;0;0;0
23;17;0;8;0
23;18;2;0;0
23;19;0;11;0
23;20;2;0;3
23;21;0;0;13
23;22;2;0;0
23;23;0;1;1
23;24;0;1;1
23;25;0;1;1
23;26;0;3;6
23;27;2;0;4
23;28;1;8;19
23;29;0;11;2
23;30;1;29;11
23;31;0;0;1
23;32;0;12;0
23;33;0;0;5
23;34;0;1;4
23;35;0;1;3
23;36;0;69;3
23;37;0;1;2
23;38;0;0;7
23;39;1;2;3
23;40;0;0;18
23;41;0;4;0
23;42;1;12;14
23;43;0;7;9
23;44;2;0;0
23;45;2;5;30
23;46;0;0;47
23;47;0;8;21
23;48;0;0;11
23;49;1;2;5
23;50;2;5;6
24;1;1;0;0
24;2;0;0;1
24;3;0;1;1
24;4;0;0;9
24;5;2;0;0
24;6;0;1;2
24;7;0;1;0
24;8;0;1;1
24;9;0;0;3
24;10;0;0;3
24;11;0;1;0
24;12;0;1;1
24;13;1;30;2
24;14;0;0;6
24;15;1;1;3
24;16;3;11;41
24;17;0;1;0
24;18;1;14;41
24;19;0;1;1
24;20;0;11;1
24;21;1;11;4
24;22;6;25;52
24;23;0;3;3
24;24;1;7;53
24;25;0;1;0
24;26;0;0;1
24;27;2;26;2
24;28;2;18;21
24;29;0;4;7
24;30;0;0;1
24;31;2;7;24
24;32;0;9;0
24;33;1;0;9
24;34;2;11;9
24;35;2;15;0
24;36;1;3;8
24;37;0;0;1
24;38;0;2;0
24;39;1;9;3
24;40;0;27;2
24;41;1;7;0
24;42;1;0;9
24;43;0;2;9
24;44;0;4;0
24;45;0;17;0
24;46;0;9;0
24;47;1;0;0
24;48;1;0;0
24;49;0;11;0
24;50;0;1;4
25;1;0;1;0
25;2;0;0;0
25;3;0;0;5
25;4;1;7;0
25;5;0;2;0
25;6;0;1;1
25;7;0;1;1
25;8;0;1;1
25;9;0;1;1
25;10;1;0;2
25;11;2;2;0
25;12;0;4;6
25;13;2;0;0
25;14;2;0;8
25;15;0;1;1
25;16;10;63;24
25;17;0;1;1
25;18;5;36;11
25;19;3;13;0
25;20;0;1;1
25;21;0;1;1
25;22;2;28;7
25;23;1;15;5
25;24;0;15;3
25;25;0;1;1
25;26;0;82;0
25;27;1;16;27
25;28;1;0;32
25;29;4;13;27
25;30;0;5;1
25;31;0;1;7
25;32;1;2;10
25;33;1;5;10
25;34;0;1;0
25;35;0;5;1
25;36;2;1;73
25;37;0;18;39
25;38;0;0;1
25;39;2;1;4
25;40;0;0;18
25;41;0;35;4
25;42;0;0;1
25;43;0;11;2
25;44;2;2;0
25;45;0;0;1
25;46;0;0;1
25;47;0;3;3
25;48;0;1;0
25;49;0;12;2
25;50;0;0;2
26;1;1;0;17
26;2;0;2;3
26;3;1;35;8
26;4;2;0;0
26;5;0;0;1
26;6;2;1;0
26;7;0;0;2
26;8;0;0;1
26;9;0;0;0
26;10;2;0;0
26;11;0;1;1
26;12;4;0;23
26;13;1;0;0
26;14;0;1;1
26;15;0;1;1
26;16;3;38;3
26;17;1;2;0
26;18;0;1;1
26;19;0;3;1
26;20;1;1;21
26;21;0;1;1
26;22;0;1;1
26;23;0;1;0
26;24;0;1;1
26;25;0;0;44
26;26;0;0;5
26;27;0;3;1
26;28;0;1;1
26;29;2;13;5
26;30;0;7;12
26;31;0;4;1
26;32;0;1;1
26;33;0;1;86
26;34;0;4;0
26;35;1;0;3
26;36;3;19;81
26;37;0;2;20
26;38;0;12;0
26;39;0;0;2
26;40;0;0;3
26;41;0;8;33
26;42;2;19;5
26;43;2;6;73
26;44;1;8;66
26;45;1;0;10
26;46;0;1;0
26;47;0;3;21
26;48;1;17;82
26;49;0;3;11
26;50;1;4;0
27;1;2;0;0
27;2;2;0;0
27;3;11;26;59
27;4;0;7;3
27;5;0;1;4
27;6;0;1;1
27;7;2;0;0
27;8;4;15;14
27;9;0;1;1
27;10;0;0;2
27;11;0;1;1
27;12;4;57;27
27;13;0;1;1
27;14;0;1;16
27;15;4;30;15
27;16;5;21;6
27;17;1;3;11
27;18;0;1;0
27;19;0;0;1
27;20;5;14;17
27;21;0;1;1
27;22;0;0;5
27;23;0;15;0
27;24;1;0;23
27;25;0;2;0
27;26;0;0;11
27;27;0;0;1
27;28;0;1;3
27;29;0;2;6
27;30;1;0;17
27;31;0;1;0
27;32;0;7;3
27;33;0;81;4
27;34;0;10;2
27;35;0;0;0
27;36;0;0;1
27;37;1;0;21
27;38;0;0;1
27;39;0;60;16
27;40;2;0;4
27;41;1;0;6
27;42;0;0;2
27;43;1;1;2
27;44;1;7;4
27;45;0;0;1
27;46;0;0;0
27;47;0;0;1
27;48;0;19;1
27;49;0;13;1
27;50;0;3;4
28;1;0;1;1
28;2;0;1;1
28;3;0;2;2
28;4;0;1;1
28;5;1;0;25
28;6;5;22;9
28;7;0;2;1
28;8;4;15;16
28;9;0;0;1
28;10;0;0;1
28;11;0;1;1
28;12;1;0;1
28;13;1;20;2
28;14;0;1;1
28;15;1;17;1
28;16;5;22;14
28;17;0;0;8
28;18;3;29;20
28;19;0;0;2
28;20;0;1;1
28;21;0;0;1
28;22;2;34;1
28;23;1;19;10
28;24;1;4;1
28;25;0;3;1
28;26;0;0;0
28;27;1;0;3
28;28;0;1;2
28;29;1;21;5
28;30;1;8;13
28;31;0;5;1
28;32;2;7;6
28;33;1;0;2
28;34;0;8;0
28;35;0;1;0
28;36;0;0;14
28;37;2;4;0
28;38;3;4;1
28;39;3;9;15
28;40;0;0;1
28;41;0;4;7
28;42;0;0;32
28;43;2;19;3
28;44;1;0;7
28;45;0;2;3
28;46;0;0;10
28;47;1;12;0
28;48;1;0;18
28;49;1;5;1
28;50;0;0;0
29;1;2;0;0
29;2;3;11;76
29;3;0;0;8
29;4;0;1;3
29;5;2;0;0
29;6;1;0;12
29;7;2;0;0
29;8;1;9;25
29;9;2;0;0
29;10;0;4;0
29;11;0;7;0
29;12;0;1;1
29;13;0;20;0
29;14;0;1;1
29;15;0;1;1
29;16;0;1;1
29;17;0;1;1
29;18;1;0;4
29;19;0;1;1
29;20;0;0;1
29;21;4;8;44
29;22;0;1;1
29;23;0;0;1
29;24;0;3;5
29;25;1;49;40
29;26;2;30;6
29;27;0;1;0
29;28;0;0;2
29;29;4;17;24
29;30;0;14;28
29;31;0;1;0
29;32;1;5;0
29;33;7;11;6
29;34;0;11;5
29;35;0;0;17
29;36;0;0;7
29;37;2;17;11
29;38;1;0;1
29;39;0;0;3
29;40;3;23;1
29;41;1;4;0
29;42;0;7;0
29;43;0;0;0
29;44;0;15;0
29;45;0;0;2
29;46;0;0;4
29;47;1;5;0
29;48;1;0;0
29;49;0;3;6
29;50;0;0;0
30;1;0;1;9
30;2;0;1;1
30;3;2;0;0
30;4;0;1;1
30;5;3;13;73
30;6;2;44;5
30;7;1;2;33
30;8;2;0;0
30;9;0;1;1
30;10;0;1;1
30;11;2;4;2
30;12;0;1;1
30;13;0;1;1
30;14;0;1;0
30;15;0;2;25
30;16;0;0;1
30;17;0;11;0
30;18;0;1;0
30;19;1;1;2
30;20;0;1;0
30;21;0;0;1
30;22;0;1;0
30;23;0;1;13
30;24;0;0;1
30;25;1;0;1
30;26;0;1;0
30;27;0;3;0
30;28;0;3;17
30;29;4;11;5
30;30;1;12;62
30;31;1;26;3
30;32;0;1;9
30;33;6;17;43
30;34;0;5;4
30;35;5;42;23
30;36;1;53;1
30;37;2;7;8
30;38;0;2;0
30;39;1;1;4
30;40;0;4;0
30;41;0;2;0
30;42;1;1;6
30;43;0;0;1
30;44;0;31;0
30;45;1;6;3
30;46;0;2;0
30;47;0;2;10
30;48;1;0;4
30;49;0;2;5
30;50;0;18;11
31;1;3;8;7
31;2;0;1;1
31;3;1;3;0
31;4;0;1;2
31;5;2;0;0
31;6;2;38;16
31;7;0;0;6
31;8;0;0;0
31;9;0;0;1
31;10;1;0;0
31;11;0;33;8
31;12;0;1;1
31;13;2;4;38
31;14;2;0;0
31;15;0;1;1
31;16;0;1;1
31;17;0;2;1
31;18;0;3;0
31;19;9;12;20
31;20;4;44;23
31;21;2;0;0
31;22;0;27;1
31;23;2;19;5
31;24;1;21;22
31;25;0;1;1
31;26;0;19;3
31;27;0;7;0
31;28;0;1;23
31;29;0;0;2
31;30;0;13;1
31;31;0;17;7
31;32;0;1;6
31;33;0;0;9
31;34;0;3;2
31;35;1;24;7
31;36;0;0;24
31;37;1;4;4
31;38;0;16;0
31;39;2;3;22
31;40;0;6;21
31;41;0;1;4
31;42;0;7;0
31;43;0;17;1
31;44;0;8;0
31;45;0;2;10
31;46;1;0;14
31;47;2;0;7
31;48;0;0;4
31;49;1;4;1
31;50;0;11;1
32;1;0;0;2
32;2;0;0;2
32;3;0;0;3
32;4;2;0;1
32;5;0;0;3
32;6;2;0;9
32;7;0;5;1
32;8;2;10;4
32;9;0;1;1
32;10;0;8;0
32;11;2;5;10
32;12;0;1;1
32;13;1;10;13
32;14;2;18;6
32;15;1;1;56
32;16;0;2;10
32;17;0;0;1
32;18;1;3;1
32;19;0;3;7
32;20;0;1;2
32;21;3;20;23
32;22;0;10;0
32;23;0;1;1
32;24;1;0;0
32;25;0;2;0
32;26;1;1;7
32;27;0;0;1
32;28;0;0;3
32;29;2;13;6
32;30;2;1;20
32;31;2;11;2
32;32;2;0;27
32;33;2;2;66
32;34;6;6;6
32;35;0;2;0
32;36;8;7;23
32;37;2;15;9
32;38;3;16;14
32;39;3;1;0
32;40;2;13;0
32;41;0;1;1
32;42;6;8;0
32;43;2;9;10
32;44;0;1;5
32;45;0;23;0
32;46;0;0;0
32;47;1;9;19
32;48;0;1;0
32;49;0;0;0
32;50;0;0;0
33;1;0;3;0
33;2;5;10;18
33;3;0;1;11
33;4;2;0;0
33;5;1;14;3
33;6;0;1;1
33;7;3;2;21
33;8;0;1;3
33;9;0;2;1
33;10;3;16;7
33;11;2;0;0
33;12;1;2;24
33;13;0;30;2
33;14;0;1;1
33;15;1;1;3
33;16;0;0;1
33;17;0;1;1
33;18;0;0;1
33;19;0;0;1
33;20;1;7;17
33;21;1;17;6
33;22;3;15;9
33;23;0;0;1
33;24;0;1;1
33;25;0;1;1
33;26;0;1;0
33;27;0;7;6
33;28;1;28;3
33;29;1;2;3
33;30;2;1;0
33;31;0;6;1
33;32;0;9;3
33;33;0;0;1
33;34;1;1;16
33;35;1;6;12
33;36;0;0;1
33;37;3;1;1
33;38;1;20;10
33;39;0;11;7
33;40;2;3;1
33;41;0;1;2
33;42;0;1;0
33;43;0;1;0
33;44;1;1;8
33;45;0;0;9
33;46;1;6;0
33;47;1;0;3
33;48;0;14;2
33;49;0;0;1
33;50;1;1;0
34;1;2;0;0
34;2;0;0;3
34;3;2;0;4
34;4;1;3;28
34;5;0;4;1
34;6;0;0;3
34;7;0;4;0
34;8;1;0;0
34;9;2;0;0
34;10;0;1;0
34;11;0;1;1
34;12;0;1;6
34;13;0;1;1
34;14;0;18;2
34;15;0;2;0
34;16;0;1;1
34;17;0;5;1
34;18;0;1;1
34;19;2;10;27
34;20;0;31;1
34;21;0;7;35
34;22;0;1;0
34;23;0;1;3
34;24;0;3;38
34;25;0;0;4
34;26;1;0;29
34;27;1;24;13
34;28;0;0;1
34;29;0;4;0
34;30;0;22;0
34;31;0;9;0
34;32;0;5;33
34;33;4;14;13
34;34;2;0;0
34;35;1;3;16
34;36;2;0;0
34;37;2;10;7
34;38;0;16;5
34;39;1;13;2
34;40;0;2;2
34;41;2;0;0
34;42;3;32;5
34;43;0;9;1
34;44;0;1;4
34;45;0;10;5
34;46;0;12;2
34;47;0;20;14
34;48;0;22;3
34;49;0;22;0
34;50;1;31;12
35;1;0;1;1
35;2;0;0;0
35;3;0;1;1
35;4;0;4;1
35;5;1;0;0
35;6;0;0;0
35;7;0;1;1
35;8;1;5;9
35;9;0;1;1
35;10;0;1;2
35;11;0;0;1
35;12;0;1;1
35;13;0;1;1
35;14;1;1;18
35;15;0;1;1
35;16;0;1;1
35;17;0;3;1
35;18;0;1;1
35;19;0;1;2
35;20;1;24;13
35;21;0;11;1
35;22;1;14;15
35;23;1;1;4
35;24;0;0;1
35;25;4;31;9
35;26;0;1;1
35;27;1;17;12
35;28;1;8;12
35;29;1;0;5
35;30;1;10;46
35;31;0;1;15
35;32;0;1;5
35;33;2;8;6
35;34;6;1;17
35;35;0;1;14
35;36;0;0;11
35;37;3;5;4
35;38;2;4;14
35;39;0;1;19
35;40;1;7;0
35;41;1;8;4
35;42;0;0;12
35;43;2;0;0
35;44;0;20;3
35;45;0;5;18
35;46;0;20;7
35;47;0;1;8
35;48;6;12;1
35;49;1;0;2
35;50;0;7;1
36;1;0;1;1
36;2;0;1;1
36;3;2;0;0
36;4;3;7;9
36;5;0;1;1
36;6;2;1;0
36;7;0;0;3
36;8;0;4;1
36;9;0;1;1
36;10;0;16;5
36;11;0;1;1
36;12;3;1;2
36;13;0;10;2
36;14;0;1;1
36;15;0;0;4
36;16;3;26;15
36;17;0;1;0
36;18;0;21;3
36;19;0;1;1
36;20;0;2;0
36;21;0;1;0
36;22;0;0;1
36;23;0;0;11
36;24;1;9;0
36;25;4;5;33
36;26;0;0;1
36;27;1;5;15
36;28;2;1;1
36;29;1;20;0
36;30;0;1;1
36;31;2;0;9
36;32;0;1;4
36;33;1;2;15
36;34;2;0;0
36;35;5;39;11
36;36;0;1;0
36;37;1;41;4
36;38;0;4;0
36;39;0;4;0
36;40;1;2;2
36;41;3;27;11
36;42;9;10;25
36;43;2;6;5
36;44;1;5;0
36;45;0;98;8
36;46;1;89;7
36;47;4;4;32
36;48;0;1;2
36;49;10;27;35
36;50;1;7;2
37;1;0;2;1
37;2;4;22;3
37;3;1;0;38
37;4;2;0;0
37;5;2;0;0
37;6;2;0;0
37;7;2;0;0
37;8;0;0;48
37;9;2;0;0
37;10;6;40;10
37;11;2;0;0
37;12;2;0;2
37;13;3;1;8
37;14;0;0;0
37;15;2;0;0
37;16;0;0;4
37;17;0;1;1
37;18;0;1;1
37;19;1;11;1
37;20;4;66;3
37;21;0;1;1
37;22;0;1;1
37;23;0;0;1
37;24;0;1;1
37;25;0;1;1
37;26;0;0;1
37;27;0;0;1
37;28;0;1;1
37;29;0;26;0
37;30;0;1;0
37;31;0;12;0
37;32;0;1;1
37;33;0;7;1
37;34;2;1;4
37;35;0;0;1
37;36;0;2;16
37;37;0;0;1
37;38;1;5;1
37;39;2;5;1
37;40;0;0;1
37;41;0;0;1
37;42;2;0;10
37;43;3;0;0
37;44;1;4;9
37;45;0;25;3
37;46;0;1;1
37;47;1;3;1
37;48;3;3;7
37;49;3;0;5
37;50;1;0;16
38;1;0;26;0
38;2;1;2;5
38;3;0;1;4
38;4;2;0;0
38;5;2;0;0
38;6;1;3;20
38;7;0;1;1
38;8;0;1;1
38;9;0;0;1
38;10;2;0;0
38;11;1;3;70
38;12;1;5;0
38;13;9;1;2
38;14;4;51;19
38;15;0;1;1
38;16;0;1;2
38;17;0;1;1
38;18;0;5;1
38;19;1;13;3
38;20;0;1;1
38;21;0;0;7
38;22;0;1;0
38;23;0;0;7
38;24;1;0;0
38;25;0;9;6
38;26;0;1;1
38;27;0;1;0
38;28;0;1;26
38;29;1;9;10
38;30;0;1;0
38;31;1;0;0
38;32;0;1;0
38;33;0;10;0
38;34;0;16;0
38;35;0;2;8
38;36;1;0;1
38;37;0;2;2
38;38;1;2;3
38;39;0;13;6
38;40;0;20;0
38;41;4;3;12
38;42;0;5;9
38;43;0;1;8
38;44;0;3;24
38;45;3;18;8
38;46;0;3;1
38;47;0;0;31
38;48;1;1;6
38;49;0;0;5
38;50;0;0;2
39;1;1;67;0
39;2;0;1;1
39;3;0;1;1
39;4;0;1;1
39;5;0;1;0
39;6;0;2;0
39;7;0;1;1
39;8;2;0;0
39;9;1;3;26
39;10;0;1;0
39;11;2;0;0
39;12;2;2;0
39;13;0;1;1
39;14;1;1;19
39;15;2;0;0
39;16;3;5;8
39;17;0;0;4
39;18;1;2;12
39;19;1;8;28
39;20;1;22;12
39;21;0;3;1
39;22;2;1;8
39;23;0;0;1
39;24;1;22;1
39;25;0;3;1
39;26;5;7;7
39;27;0;46;4
39;28;0;7;2
39;29;0;1;1
39;30;0;17;3
39;31;0;1;20
39;32;0;13;1
39;33;1;23;0
39;34;0;0;3
39;35;0;8;0
39;36;0;9;4
39;37;4;13;12
39;38;0;2;0
39;39;1;7;4
39;40;3;3;7
39;41;0;1;8
39;42;1;19;4
39;43;1;0;15
39;44;0;1;0
39;45;0;1;4
39;46;1;0;18
39;47;2;4;2
39;48;2;1;8
39;49;2;1;3
39;50;0;7;0
40;1;0;0;2
40;2;0;2;0
40;3;0;1;1
40;4;0;1;1
40;5;2;19;32
40;6;0;1;1
40;7;1;0;0
40;8;0;1;1
40;9;0;1;1
40;10;0;0;0
40;11;2;0;0
40;12;0;1;1
40;13;1;0;3
40;14;0;1;1
40;15;0;4;1
40;16;0;0;0
40;17;0;1;1
40;18;0;1;0
40;19;0;22;0
40;20;3;15;20
40;21;0;14;0
40;22;0;0;5
40;23;0;0;1
40;24;0;2;1
40;25;0;1;0
40;26;1;2;69
40;27;1;15;0
40;28;2;5;0
40;29;2;5;6
40;30;3;0;35
40;31;1;26;15
40;32;0;1;0
40;33;1;2;2
40;34;4;32;14
40;35;2;8;14
40;36;1;7;27
40;37;2;3;1
40;38;0;2;2
40;39;0;0;49
40;40;3;12;47
40;41;3;3;1
40;42;0;7;36
40;43;2;6;4
40;44;0;2;14
40;45;0;0;6
40;46;2;6;13
40;47;1;5;25
40;48;4;13;5
40;49;0;3;0
40;50;2;1;1
41;1;2;0;0
41;2;0;0;0
41;3;2;0;0
41;4;0;19;0
41;5;2;0;1
41;6;0;0;0
41;7;0;0;0
41;8;2;1;0
41;9;2;0;0
41;10;2;0;0
41;11;0;1;1
41;12;0;3;1
41;13;0;3;1
41;14;0;0;5
41;15;0;11;13
41;16;1;2;27
41;17;0;0;1
41;18;0;3;1
41;19;0;1;1
41;20;5;34;22
41;21;1;1;1
41;22;0;1;1
41;23;3;25;0
41;24;1;1;9
41;25;0;0;1
41;26;0;3;0
41;27;0;6;1
41;28;0;1;14
41;29;0;7;3
41;30;0;27;5
41;31;0;0;1
41;32;0;2;0
41;33;0;1;7
41;34;1;56;3
41;35;0;18;6
41;36;0;13;5
41;37;8;8;9
41;38;0;9;15
41;39;0;6;4
41;40;3;11;32
41;41;3;65;1
41;42;1;30;3
41;43;6;3;35
41;44;0;31;12
41;45;0;1;9
41;46;1;7;1
41;47;0;16;0
41;48;1;18;1
41;49;0;1;12
41;50;0;0;1
42;1;0;12;41
42;2;0;1;1
42;3;4;9;23
42;4;0;1;1
42;5;8;2;22
42;6;2;1;0
42;7;1;4;0
42;8;3;15;21
42;9;2;0;0
42;10;2;0;0
42;11;3;10;1
42;12;0;1;1
42;13;0;1;1
42;14;0;1;1
42;15;0;7;4
42;16;0;1;3
42;17;0;1;0
42;18;0;0;1
42;19;0;0;13
42;20;4;8;65
42;21;0;10;2
42;22;1;25;8
42;23;1;0;0
42;24;2;22;1
42;25;0;1;0
42;26;1;30;0
42;27;0;2;3
42;28;0;1;1
42;29;0;5;0
42;30;0;1;0
42;31;0;2;1
42;32;0;6;3
42;33;5;2;0
42;34;0;1;1
42;35;0;16;0
42;36;5;12;8
42;37;4;18;5
42;38;0;23;3
42;39;0;4;0
42;40;2;0;22
42;41;4;7;14
42;42;1;0;32
42;43;0;0;2
42;44;0;3;6
42;45;2;0;4
42;46;0;0;4
42;47;0;0;2
42;48;2;14;3
42;49;0;1;1
42;50;1;3;15
43;1;2;2;4
43;2;0;0;1
43;3;0;1;1
43;4;2;0;0
43;5;0;1;0
43;6;0;1;1
43;7;1;1;0
43;8;1;5;0
43;9;2;0;0
43;10;0;1;10
43;11;4;8;58
43;12;2;0;0
43;13;0;1;1
43;14;0;0;0
43;15;0;75;1
43;16;0;10;31
43;17;2;0;0
43;18;0;61;0
43;19;0;1;1
43;20;1;0;0
43;21;0;2;1
43;22;0;1;0
43;23;2;6;52
43;24;0;1;1
43;25;0;0;4
43;26;0;1;0
43;27;0;0;5
43;28;0;1;37
43;29;1;1;1
43;30;0;21;0
43;31;0;3;0
43;32;1;16;19
43;33;0;2;3
43;34;5;14;17
43;35;7;18;17
43;36;2;11;42
43;37;1;2;20
43;38;1;3;0
43;39;0;12;47
43;40;0;0;0
43;41;0;0;3
43;42;0;30;0
43;43;1;3;1
43;44;0;0;1
43;45;0;10;4
43;46;2;0;0
43;47;2;2;6
43;48;0;1;10
43;49;1;9;5
43;50;1;2;2
44;1;0;1;1
44;2;0;0;3
44;3;0;1;1
44;4;0;0;2
44;5;2;9;19
44;6;0;0;0
44;7;2;5;1
44;8;2;0;3
44;9;2;0;0
44;10;0;1;1
44;11;0;7;0
44;12;0;1;11
44;13;0;1;1
44;14;0;0;51
44;15;0;0;1
44;16;0;1;1
44;17;2;0;17
44;18;1;2;0
44;19;2;0;0
44;20;2;0;0
44;21;1;0;7
44;22;1;0;6
44;23;0;1;1
44;24;0;8;0
44;25;2;12;0
44;26;1;19;3
44;27;0;1;0
44;28;0;0;1
44;29;0;0;1
44;30;0;0;8
44;31;1;6;10
44;32;0;7;0
44;33;5;13;8
44;34;1;1;8
44;35;1;5;22
44;36;1;0;10
44;37;4;28;24
44;38;1;2;3
44;39;1;0;0
44;40;0;3;6
44;41;1;2;18
44;42;0;3;1
44;43;2;17;2
44;44;2;10;0
44;45;1;33;5
44;46;2;23;3
44;47;2;23;6
44;48;1;1;4
44;49;2;1;2
44;50;1;1;0
45;1;1;15;0
45;2;0;1;1
45;3;0;0;1
45;4;2;31;0
45;5;1;1;8
45;6;0;2;0
45;7;0;34;1
45;8;2;1;4
45;9;0;1;0
45;10;0;0;7
45;11;1;3;0
45;12;2;0;5
45;13;2;0;0
45;14;0;1;1
45;15;0;3;1
45;16;0;2;12
45;17;0;3;0
45;18;0;1;3
45;19;0;1;0
45;20;0;1;19
45;21;0;2;1
45;22;4;31;7
45;23;0;1;1
45;24;0;0;0
45;25;0;3;1
45;26;3;16;31
45;27;0;2;2
45;28;2;0;57
45;29;0;26;0
45;30;0;0;1
45;31;5;15;31
45;32;0;5;0
45;33;0;0;1
45;34;0;7;1
45;35;1;15;4
45;36;1;11;0
45;37;1;1;0
45;38;0;21;3
45;39;1;8;0
45;40;0;0;1
45;41;0;10;1
45;42;1;0;2
45;43;0;0;5
45;44;0;0;0
45;45;2;16;15
45;46;1;0;0
45;47;1;19;3
45;48;1;0;8
45;49;0;6;3
45;50;3;9;0
46;1;0;0;6
46;2;0;1;1
46;3;0;0;0
46;4;3;7;34
46;5;2;0;0
46;6;0;0;7
46;7;3;10;18
46;8;0;1;1
46;9;0;5;1
46;10;2;0;6
46;11;0;1;1
46;12;0;3;1
46;13;0;6;0
46;14;0;2;1
46;15;0;1;2
46;16;0;1;0
46;17;0;3;1
46;18;0;1;1
46;19;1;9;0
46;20;0;1;3
46;21;0;18;76
46;22;0;1;1
46;23;0;65;1
46;24;0;7;0
46;25;0;1;3
46;26;0;6;51
46;27;0;21;0
46;28;1;4;10
46;29;2;2;26
46;30;2;10;0
46;31;1;5;28
46;32;7;26;41
46;33;0;4;11
46;34;0;9;0
46;35;1;4;15
46;36;0;4;0
46;37;1;5;3
46;38;1;3;0
46;39;1;2;3
46;40;0;0;33
46;41;0;7;0
46;42;0;2;1
46;43;3;1;19
46;44;1;6;4
46;45;0;17;3
46;46;1;0;45
46;47;2;4;0
46;48;1;3;2
46;49;0;3;3
46;50;0;2;6
47;1;0;5;10
47;2;1;0;0
47;3;0;1;1
47;4;1;0;0
47;5;2;0;0
47;6;3;0;9
47;7;0;0;1
47;8;1;44;0
47;9;3;33;38
47;10;1;6;23
47;11;2;0;0
47;12;2;2;10
47;13;1;9;20
47;14;0;3;1
47;15;1;4;28
47;16;0;1;1
47;17;1;0;9
47;18;0;1;1
47;19;1;7;0
47;20;0;1;1
47;21;0;1;2
47;22;0;3;28
47;23;0;10;2
47;24;2;2;26
47;25;0;1;1
47;26;0;15;0
47;27;0;3;1
47;28;1;5;5
47;29;1;15;8
47;30;0;1;0
47;31;0;0;0
47;32;0;1;4
47;33;6;12;14
47;34;0;1;1
47;35;1;12;8
47;36;0;6;0
47;37;0;4;0
47;38;0;2;1
47;39;0;35;8
47;40;0;5;3
47;41;1;3;7
47;42;1;15;0
47;43;2;1;5
47;44;1;6;0
47;45;0;17;1
47;46;1;8;0
47;47;4;13;12
47;48;1;3;1
47;49;1;3;2
47;50;1;1;1
48;1;2;0;0
48;2;1;1;7
48;3;2;16;2
48;4;0;17;0
48;5;2;0;0
48;6;0;6;0
48;7;2;3;0
48;8;0;3;1
48;9;2;0;0
48;10;0;8;0
48;11;2;0;0
48;12;2;0;0
48;13;2;0;0
48;14;6;19;18
48;15;2;15;3
48;16;0;2;1
48;17;0;8;3
48;18;3;0;18
48;19;1;1;1
48;20;0;1;1
48;21;0;3;4
48;22;0;7;8
48;23;0;1;1
48;24;0;2;3
48;25;0;1;1
48;26;0;0;0
48;27;0;1;4
48;28;2;17;12
48;29;0;4;1
48;30;0;0;1
48;31;0;1;1
48;32;1;46;3
48;33;0;0;1
48;34;0;2;1
48;35;0;15;1
48;36;4;12;34
48;37;0;0;1
48;38;1;5;12
48;39;2;9;5
48;40;0;0;1
48;41;5;7;4
48;42;0;0;10
48;43;2;28;5
48;44;4;0;8
48;45;0;0;1
48;46;3;6;0
48;47;0;0;5
48;48;1;25;0
48;49;0;8;0
48;50;1;6;3
49;1;2;0;0
49;2;0;0;0
49;3;2;0;0
49;4;0;23;0
49;5;4;3;3
49;6;3;11;11
49;7;0;21;0
49;8;2;0;0
49;9;0;1;1
49;10;2;0;0
49;11;2;0;0
49;12;0;1;2
49;13;0;4;1
49;14;3;8;8
49;15;0;1;1
49;16;0;2;1
49;17;0;8;0
49;18;0;1;3
49;19;1;2;0
49;20;0;1;1
49;21;2;0;6
49;22;2;0;0
49;23;0;0;1
49;24;0;1;1
49;25;3;6;4
49;26;0;28;0
49;27;0;0;1
49;28;0;1;1
49;29;9;6;2
49;30;0;5;1
49;31;2;32;0
49;32;0;5;21
49;33;0;1;1
49;34;0;2;1
49;35;0;0;1
49;36;0;1;2
49;37;1;10;15
49;38;0;38;0
49;39;0;5;0
49;40;0;3;3
49;41;0;0;5
49;42;0;1;7
49;43;0;1;5
49;44;0;23;1
49;45;5;5;3
49;46;0;0;4
49;47;0;19;0
49;48;2;8;9
49;49;1;2;4
49;50;0;0;1
50;1;0;0;0
50;2;2;0;15
50;3;2;0;0
50;4;2;0;0
50;5;0;1;1
50;6;2;0;0
50;7;3;1;19
50;8;0;1;1
50;9;0;4;1
50;10;0;2;1
50;11;0;1;7
50;12;0;1;1
50;13;1;3;24
50;14;0;3;1
50;15;0;8;1
50;16;2;34;1
50;17;0;1;1
50;18;0;2;17
50;19;3;7;20
50;20;0;1;0
50;21;1;8;15
50;22;4;10;6
50;23;0;5;2
50;24;0;47;0
50;25;0;6;0
50;26;2;9;11
50;27;2;4;0
50;28;0;5;1
50;29;0;1;11
50;30;0;0;14
50;31;0;0;1
50;32;0;5;2
50;33;0;0;18
50;34;3;0;1
50;35;3;8;7
50;36;0;10;4
50;37;1;16;0
50;38;0;1;0
50;39;0;1;25
50;40;1;3;3
50;41;1;5;13
50;42;0;0;1
50;43;1;14;9
50;44;0;16;0
50;45;0;1;1
50;46;0;1;11
50;47;0;1;13
50;48;0;0;1
50;49;1;0;1
50;50;1;4;7
51;1;0;1;0
51;2;0;0;0
51;3;2;0;0
51;4;0;3;3
51;5;1;6;17
51;6;1;3;26
51;7;0;1;1
51;8;2;1;0
51;9;1;5;12
51;10;0;2;1
51;11;0;3;1
51;12;0;1;0
51;13;0;0;11
51;14;0;1;1
51;15;1;52;11
51;16;0;1;0
51;17;2;5;4
51;18;0;0;1
51;19;0;1;0
51;20;0;1;11
51;21;0;2;6
51;22;0;1;2
51;23;1;9;4
51;24;0;1;8
51;25;24;18;41
51;26;0;1;1
51;27;6;41;9
51;28;2;3;3
51;29;0;2;1
51;30;0;1;1
51;31;0;6;1
51;32;1;1;31
51;33;1;25;7
51;34;1;0;2
51;35;1;11;0
51;36;0;0;0
51;37;1;0;0
51;38;0;16;0
51;39;1;14;0
51;40;0;0;3
51;41;0;3;2
51;42;2;23;5
51;43;2;14;33
51;44;3;18;13
51;45;2;2;12
51;46;0;21;5
51;47;2;13;12
51;48;0;13;4
51;49;1;5;0
51;50;1;1;0
52;1;2;0;0
52;2;0;1;1
52;3;2;0;0
52;4;2;0;0
52;5;7;17;9
52;6;2;0;2
52;7;1;0;44
52;8;0;1;1
52;9;0;1;1
52;10;0;0;1
52;11;1;12;27
52;12;0;1;3
52;13;0;1;2
52;14;0;1;1
52;15;3;9;3
52;16;0;1;0
52;17;5;28;17
52;18;0;0;1
52;19;0;1;1
52;20;0;3;8
52;21;2;10;41
52;22;0;1;0
52;23;1;0;4
52;24;1;0;31
52;25;1;7;4
52;26;0;1;3
52;27;0;1;0
52;28;0;1;0
52;29;1;3;1
52;30;0;0;1
52;31;2;6;9
52;32;0;1;19
52;33;3;71;16
52;34;0;26;0
52;35;3;14;6
52;36;1;9;12
52;37;0;31;0
52;38;0;9;4
52;39;2;0;3
52;40;0;12;4
52;41;0;1;1
52;42;0;0;6
52;43;0;1;0
52;44;2;16;12
52;45;0;11;0
52;46;0;0;0
52;47;0;0;0
52;48;0;0;0
52;49;0;14;0
52;50;0;5;0
53;1;0;0;0
53;2;0;0;4
53;3;2;3;0
53;4;0;1;1
53;5;0;1;1
53;6;0;6;1
53;7;1;13;3
53;8;2;10;1
53;9;0;0;1
53;10;0;1;1
53;11;0;24;1
53;12;0;5;1
53;13;2;51;0
53;14;0;4;1
53;15;0;1;1
53;16;3;19;20
53;17;5;13;24
53;18;0;1;0
53;19;2;0;20
53;20;0;3;19
53;21;0;9;1
53;22;0;3;0
53;23;0;8;16
53;24;4;12;16
53;25;1;1;0
53;26;0;0;1
53;27;1;16;0
53;28;0;4;51
53;29;1;16;8
53;30;0;1;1
53;31;0;1;6
53;32;0;11;0
53;33;1;0;10
53;34;1;5;2
53;35;3;1;8
53;36;1;13;1
53;37;0;0;1
53;38;1;1;27
53;39;1;15;11
53;40;0;3;0
53;41;0;7;8
53;42;0;5;0
53;43;0;2;2
53;44;1;4;3
53;45;0;8;1
53;46;3;9;16
53;47;0;13;2
53;48;0;5;3
53;49;1;3;0
53;50;0;3;2
54;1;2;0;0
54;2;2;0;0
54;3;0;4;28
54;4;0;1;1
54;5;0;1;19
54;6;0;5;1
54;7;0;1;0
54;8;0;1;1
54;9;1;0;21
54;10;0;0;1
54;11;1;14;41
54;12;2;0;0
54;13;3;71;27
54;14;4;8;39
54;15;0;1;1
54;16;0;1;1
54;17;5;64;17
54;18;1;0;0
54;19;1;0;0
54;20;0;1;1
54;21;0;3;5
54;22;1;0;2
54;23;0;10;1
54;24;0;26;2
54;25;1;31;0
54;26;3;51;14
54;27;0;1;1
54;28;0;6;1
54;29;0;6;6
54;30;0;7;0
54;31;0;1;12
54;32;2;0;5
54;33;0;1;13
54;34;0;1;1
54;35;0;5;4
54;36;0;10;0
54;37;2;0;0
54;38;2;23;15
54;39;3;6;17
54;40;1;0;13
54;41;2;5;11
54;42;2;28;3
54;43;0;0;0
54;44;0;5;0
54;45;3;1;0
54;46;0;0;0
54;47;2;11;2
54;48;0;0;2
54;49;0;6;1
54;50;1;8;0
55;1;0;25;6
55;2;0;0;5
55;3;2;22;1
55;4;0;7;0
55;5;2;0;0
55;6;0;1;41
55;7;0;1;1
55;8;0;2;1
55;9;0;1;1
55;10;2;0;14
55;11;0;2;0
55;12;0;1;1
55;13;0;12;2
55;14;0;1;1
55;15;0;1;1
55;16;1;9;3
55;17;0;1;7
55;18;0;0;36
55;19;0;1;1
55;20;0;14;1
55;21;2;27;4
55;22;0;9;1
55;23;0;3;0
55;24;3;2;7
55;25;0;1;1
55;26;3;17;27
55;27;3;13;6
55;28;0;4;10
55;29;0;4;20
55;30;0;4;0
55;31;0;0;5
55;32;0;0;2
55;33;0;0;4
55;34;1;0;2
55;35;0;10;15
55;36;0;3;0
55;37;0;6;0
55;38;0;4;15
55;39;1;0;6
55;40;1;0;18
55;41;0;5;11
55;42;2;4;5
55;43;0;3;0
55;44;0;3;0
55;45;0;1;5
55;46;0;24;0
55;47;0;0;4
55;48;0;1;1
55;49;1;3;0
55;50;0;5;5
56;1;2;0;3
56;2;0;1;0
56;3;1;4;0
56;4;0;0;3
56;5;4;6;6
56;6;1;1;0
56;7;0;1;3
56;8;0;1;1
56;9;0;2;0
56;10;2;0;3
56;11;0;1;1
56;12;0;7;1
56;13;0;1;1
56;14;0;0;1
56;15;1;0;0
56;16;0;2;7
56;17;1;0;6
56;18;0;1;1
56;19;0;1;1
56;20;0;1;1
56;21;0;1;1
56;22;0;1;1
56;23;0;12;0
56;24;0;1;1
56;25;0;1;1
56;26;0;4;1
56;27;4;87;12
56;28;0;1;3
56;29;4;17;1
56;30;3;4;39
56;31;0;0;1
56;32;0;0;1
56;33;0;0;1
56;34;2;56;3
56;35;0;3;18
56;36;0;30;19
56;37;0;1;1
56;38;0;0;1
56;39;0;2;2
56;40;1;0;0
56;41;1;31;4
56;42;1;2;2
56;43;1;1;14
56;44;0;14;1
56;45;0;22;0
56;46;0;21;17
56;47;1;16;0
56;48;0;0;11
56;49;0;0;8
56;50;0;1;1
57;1;2;0;0
57;2;0;1;1
57;3;0;1;1
57;4;0;1;1
57;5;2;0;0
57;6;0;3;1
57;7;0;0;0
57;8;0;0;0
57;9;0;1;1
57;10;0;1;2
57;11;0;1;1
57;12;8;21;29
57;13;2;37;6
57;14;2;0;68
57;15;0;4;0
57;16;0;2;1
57;17;0;27;3
57;18;0;1;4
57;19;0;2;7
57;20;1;6;5
57;21;0;1;6
57;22;0;1;3
57;23;1;1;3
57;24;0;0;1
57;25;4;9;0
57;26;0;2;22
57;27;2;1;0
57;28;0;3;1
57;29;0;13;4
57;30;3;4;5
57;31;2;0;1
57;32;0;1;8
57;33;0;1;13
57;34;0;7;3
57;35;0;0;18
57;36;2;12;23
57;37;1;8;4
57;38;2;2;4
57;39;1;3;3
57;40;0;3;1
57;41;3;10;33
57;42;0;4;6
57;43;0;1;0
57;44;0;17;0
57;45;3;4;5
57;46;0;16;0
57;47;0;3;4
57;48;2;30;1
57;49;0;10;0
57;50;1;4;0
58;1;0;0;4
58;2;0;16;2
58;3;0;0;3
58;4;0;0;0
58;5;2;0;0
58;6;0;1;1
58;7;0;0;0
58;8;0;0;0
58;9;0;39;3
58;10;2;8;1
58;11;2;0;0
58;12;2;0;0
58;13;0;0;4
58;14;2;0;0
58;15;7;19;28
58;16;4;14;34
58;17;0;0;1
58;18;0;1;1
58;19;3;6;10
58;20;1;7;11
58;21;0;2;24
58;22;1;1;22
58;23;0;0;3
58;24;0;0;0
58;25;1;3;3
58;26;0;0;0
58;27;0;0;0
58;28;0;0;0
58;29;0;0;0
58;30;6;7;4
58;31;2;16;11
58;32;0;0;0
58;33;0;1;65
58;34;0;0;0
58;35;0;4;47
58;36;0;0;11
58;37;0;5;17
58;38;0;1;31
58;39;1;0;2
58;40;1;9;1
58;41;1;4;1
58;42;0;0;6
58;43;0;2;1
58;44;0;0;4
58;45;1;0;1
58;46;2;5;4
58;47;1;2;1
58;48;0;0;5
58;49;0;0;7
58;50;4;4;1
59;1;0;0;0
59;2;0;1;3
59;3;0;1;1
59;4;2;0;0
59;5;0;1;1
59;6;2;0;0
59;7;0;5;0
59;8;3;0;49
59;9;2;0;0
59;10;0;2;1
59;11;0;1;3
59;12;2;4;0
59;13;3;64;27
59;14;0;1;1
59;15;1;4;3
59;16;0;0;1
59;17;1;19;2
59;18;0;1;20
59;19;0;2;0
59;20;0;1;1
59;21;2;9;17
59;22;0;0;1
59;23;0;1;1
59;24;0;0;1
59;25;0;2;1
59;26;1;10;13
59;27;0;1;2
59;28;0;1;0
59;29;0;26;0
59;30;1;0;13
59;31;0;0;1
59;32;0;0;2
59;33;0;2;0
59;34;1;12;59
59;35;1;1;33
59;36;0;20;1
59;37;0;2;0
59;38;0;8;2
59;39;4;5;4
59;40;0;82;4
59;41;0;19;2
59;42;0;1;0
59;43;1;1;1
59;44;1;46;4
59;45;3;30;19
59;46;1;9;1
59;47;0;0;1
59;48;1;9;1
59;49;2;37;8
59;50;1;8;0
60;1;0;1;0
60;2;0;1;1
60;3;0;4;1
60;4;0;1;1
60;5;2;0;0
60;6;2;8;24
60;7;0;1;1
60;8;0;1;1
60;9;0;0;0
60;10;0;4;1
60;11;0;13;0
60;12;0;3;1
60;13;0;1;1
60;14;5;26;31
60;15;0;46;17
60;16;0;1;1
60;17;0;1;1
60;18;0;37;2
60;19;0;2;0
60;20;2;15;11
60;21;2;4;21
60;22;1;0;25
60;23;2;6;4
60;24;0;1;0
60;25;1;4;21
60;26;1;2;17
60;27;0;1;34
60;28;0;10;4
60;29;0;5;16
60;30;2;2;19
60;31;0;4;8
60;32;0;1;0
60;33;1;8;8
60;34;0;1;1
60;35;1;0;1
60;36;1;35;0
60;37;2;27;1
60;38;0;4;0
60;39;0;2;4
60;40;0;2;55
60;41;3;2;1
60;42;0;16;1
60;43;0;4;2
60;44;0;6;1
60;45;0;1;1
60;46;0;3;0
60;47;0;7;0
60;48;1;1;5
60;49;1;5;0
60;50;0;5;0
61;1;0;2;0
61;2;0;29;0
61;3;1;0;0
61;4;0;6;1
61;5;0;2;1
61;6;0;0;1
61;7;0;0;0
61;8;0;2;0
61;9;0;1;1
61;10;0;6;0
61;11;0;7;1
61;12;2;6;0
61;13;0;1;1
61;14;0;1;1
61;15;1;0;18
61;16;3;0;3
61;17;0;0;6
61;18;0;1;3
61;19;0;2;1
61;20;0;1;2
61;21;1;2;5
61;22;0;2;1
61;23;5;1;3
61;24;2;25;8
61;25;0;7;1
61;26;0;2;31
61;27;0;0;1
61;28;0;22;12
61;29;4;14;18
61;30;2;15;39
61;31;0;1;0
61;32;2;16;18
61;33;1;15;1
61;34;0;2;0
61;35;0;5;0
61;36;0;0;16
61;37;1;0;52
61;38;2;5;4
61;39;1;16;4
61;40;0;4;0
61;41;0;1;2
61;42;0;39;11
61;43;1;1;9
61;44;1;7;13
61;45;2;1;21
61;46;0;3;0
61;47;0;0;1
61;48;0;2;0
61;49;0;1;0
61;50;0;5;1
62;1;0;0;0
62;2;1;7;2
62;3;0;1;1
62;4;0;1;0
62;5;0;4;4
62;6;2;1;3
62;7;0;11;7
62;8;0;1;1
62;9;2;0;3
62;10;0;1;0
62;11;0;1;1
62;12;0;1;1
62;13;1;42;0
62;14;1;2;48
62;15;0;1;1
62;16;0;1;1
62;17;3;5;1
62;18;1;2;10
62;19;0;0;1
62;20;0;1;3
62;21;4;8;18
62;22;1;1;8
62;23;0;30;7
62;24;0;6;1
62;25;3;9;26
62;26;3;54;8
62;27;0;5;6
62;28;1;11;35
62;29;1;18;1
62;30;0;7;0
62;31;1;16;5
62;32;0;1;0
62;33;0;1;0
62;34;1;0;6
62;35;0;7;5
62;36;1;7;16
62;37;0;4;19
62;38;0;19;0
62;39;3;3;7
62;40;0;0;8
62;41;1;6;2
62;42;0;2;5
62;43;0;2;0
62;44;1;2;3
62;45;0;4;1
62;46;1;10;6
62;47;2;9;4
62;48;0;0;3
62;49;0;2;5
62;50;0;0;2
63;1;0;2;0
63;2;0;1;1
63;3;2;0;0
63;4;2;0;0
63;5;0;1;1
63;6;1;0;0
63;7;4;6;5
63;8;0;1;3
63;9;2;0;0
63;10;0;1;1
63;11;0;1;1
63;12;0;2;1
63;13;0;1;64
63;14;0;1;0
63;15;0;3;1
63;16;0;1;5
63;17;0;3;1
63;18;0;1;0
63;19;0;0;7
63;20;0;2;1
63;21;2;82;4
63;22;0;5;15
63;23;0;7;25
63;24;0;0;1
63;25;1;5;1
63;26;2;14;4
63;27;10;43;2
63;28;1;29;11
63;29;0;29;1
63;30;0;1;1
63;31;1;2;8
63;32;2;1;3
63;33;5;12;30
63;34;0;0;7
63;35;0;4;29
63;36;0;1;0
63;37;0;0;1
63;38;0;32;2
63;39;1;9;1
63;40;1;0;0
63;41;1;2;9
63;42;2;0;5
63;43;1;0;21
63;44;1;1;1
63;45;0;16;0
63;46;1;4;6
63;47;0;0;1
63;48;0;1;0
63;49;0;1;0
63;50;0;17;0
64;1;0;1;0
64;2;0;3;1
64;3;3;33;11
64;4;2;0;0
64;5;0;0;15
64;6;0;3;0
64;7;0;1;1
64;8;0;4;11
64;9;0;1;1
64;10;0;1;1
64;11;0;1;1
64;12;0;1;1
64;13;0;1;1
64;14;2;0;0
64;15;0;1;1
64;16;0;0;1
64;17;0;5;1
64;18;0;1;1
64;19;12;50;41
64;20;0;1;1
64;21;1;22;0
64;22;9;81;29
64;23;2;82;8
64;24;1;3;50
64;25;0;23;1
64;26;0;2;1
64;27;1;64;5
64;28;0;1;0
64;29;0;45;5
64;30;0;2;5
64;31;3;27;4
64;32;1;1;0
64;33;0;3;4
64;34;0;24;0
64;35;0;24;3
64;36;0;25;0
64;37;1;1;2
64;38;0;63;4
64;39;2;34;2
64;40;0;23;1
64;41;2;19;9
64;42;0;98;3
64;43;2;11;1
64;44;1;2;6
64;45;0;15;0
64;46;0;85;0
64;47;0;0;1
64;48;0;57;0
64;49;0;10;0
64;50;0;15;0
65;1;0;0;0
65;2;0;1;0
65;3;2;0;0
65;4;0;1;0
65;5;0;0;0
65;6;2;2;0
65;7;0;1;1
65;8;0;1;1
65;9;0;1;1
65;10;7;41;31
65;11;2;0;0
65;12;0;0;3
65;13;0;6;3
65;14;1;9;0
65;15;1;5;0
65;16;0;0;1
65;17;0;4;1
65;18;0;1;1
65;19;0;7;0
65;20;2;0;0
65;21;0;6;1
65;22;1;0;75
65;23;0;1;2
65;24;0;0;32
65;25;1;1;13
65;26;0;0;1
65;27;2;0;6
65;28;0;1;1
65;29;0;3;4
65;30;0;1;1
65;31;0;0;1
65;32;0;2;1
65;33;0;0;1
65;34;0;1;0
65;35;4;29;5
65;36;0;1;1
65;37;1;20;2
65;38;2;79;3
65;39;0;5;2
65;40;0;0;1
65;41;0;37;3
65;42;1;15;1
65;43;0;90;4
65;44;2;57;3
65;45;0;7;10
65;46;0;3;0
65;47;3;47;5
65;48;2;1;2
65;49;0;2;4
65;50;1;6;2
66;1;3;8;23
66;2;2;0;1
66;3;0;0;0
66;4;2;0;0
66;5;0;4;0
66;6;0;1;0
66;7;2;0;0
66;8;0;0;0
66;9;0;0;0
66;10;0;1;1
66;11;0;13;1
66;12;2;0;0
66;13;0;1;1
66;14;0;1;1
66;15;0;1;1
66;16;0;1;1
66;17;0;1;1
66;18;0;30;4
66;19;3;3;17
66;20;0;11;0
66;21;0;1;1
66;22;0;1;2
66;23;0;15;2
66;24;0;1;1
66;25;0;1;0
66;26;0;8;16
66;27;3;0;3
66;28;0;6;1
66;29;2;43;0
66;30;4;16;24
66;31;0;1;1
66;32;0;3;0
66;33;0;6;0
66;34;0;2;85
66;35;0;0;1
66;36;0;6;3
66;37;4;10;10
66;38;4;15;60
66;39;5;7;4
66;40;0;5;12
66;41;4;8;40
66;42;1;8;20
66;43;1;6;3
66;44;1;11;0
66;45;1;11;2
66;46;0;2;1
66;47;6;44;14
66;48;2;3;6
66;49;0;0;20
66;50;1;0;3
67;1;0;0;0
67;2;1;0;1
67;3;0;1;1
67;4;2;0;0
67;5;0;4;0
67;6;8;54;26
67;7;6;13;13
67;8;0;0;0
67;9;2;0;0
67;10;2;0;0
67;11;0;1;1
67;12;0;1;1
67;13;0;0;0
67;14;0;1;5
67;15;0;0;30
67;16;0;1;1
67;17;0;1;1
67;18;0;3;1
67;19;0;3;0
67;20;3;14;3
67;21;0;1;1
67;22;0;1;1
67;23;2;9;44
67;24;5;15;2
67;25;0;0;1
67;26;1;1;7
67;27;0;1;9
67;28;1;11;11
67;29;6;1;0
67;30;0;0;1
67;31;0;1;1
67;32;0;0;5
67;33;0;1;0
67;34;0;0;1
67;35;0;3;5
67;36;0;7;3
67;37;0;0;1
67;38;8;52;11
67;39;0;10;1
67;40;4;22;8
67;41;0;16;12
67;42;1;17;1
67;43;2;27;13
67;44;2;2;12
67;45;0;0;0
67;46;0;0;1
67;47;0;0;17
67;48;1;2;2
67;49;1;7;3
67;50;3;6;10
68;1;2;0;0
68;2;0;1;0
68;3;2;0;0
68;4;2;0;0
68;5;2;15;36
68;6;2;0;0
68;7;0;1;1
68;8;2;4;2
68;9;2;0;0
68;10;2;0;7
68;11;0;1;1
68;12;0;2;46
68;13;2;0;0
68;14;0;1;2
68;15;0;1;1
68;16;0;1;1
68;17;2;0;0
68;18;0;1;0
68;19;1;3;5
68;20;0;1;3
68;21;0;1;1
68;22;0;1;0
68;23;1;2;0
68;24;0;1;1
68;25;1;1;68
68;26;0;1;0
68;27;3;33;2
68;28;0;0;1
68;29;0;0;2
68;30;2;37;17
68;31;9;23;27
68;32;2;27;13
68;33;2;0;0
68;34;0;1;0
68;35;3;17;9
68;36;0;4;1
68;37;0;0;39
68;38;0;11;1
68;39;1;2;5
68;40;1;14;4
68;41;5;19;16
68;42;1;2;5
68;43;1;6;0
68;44;3;12;6
68;45;2;0;19
68;46;0;2;16
68;47;1;8;2
68;48;1;1;8
68;49;1;0;8
68;50;2;0;11
69;1;0;0;0
69;2;2;0;0
69;3;2;2;0
69;4;1;1;11
69;5;2;0;0
69;6;0;0;0
69;7;11;60;13
69;8;2;0;3
69;9;1;1;0
69;10;0;1;1
69;11;0;1;1
69;12;0;1;0
69;13;0;1;1
69;14;1;7;0
69;15;1;0;19
69;16;0;1;1
69;17;3;5;9
69;18;0;7;0
69;19;0;6;21
69;20;0;12;1
69;21;0;0;1
69;22;0;0;17
69;23;1;4;16
69;24;0;1;1
69;25;0;24;2
69;26;1;1;0
69;27;0;1;1
69;28;1;0;9
69;29;0;1;32
69;30;1;20;37
69;31;0;7;4
69;32;8;51;11
69;33;3;5;30
69;34;1;2;3
69;35;0;1;0
69;36;0;79;2
69;37;0;12;0
69;38;0;0;20
69;39;0;4;7
69;40;3;3;11
69;41;0;30;3
69;42;0;11;3
69;43;0;12;0
69;44;1;2;1
69;45;0;3;0
69;46;0;23;0
69;47;4;16;5
69;48;0;17;1
69;49;0;4;0
69;50;0;9;0
70;1;0;1;1
70;2;0;1;4
70;3;3;6;5
70;4;2;0;0
70;5;2;0;0
70;6;0;28;6
70;7;2;0;0
70;8;1;4;62
70;9;0;1;1
70;10;4;1;44
70;11;0;0;1
70;12;6;11;12
70;13;0;4;1
70;14;0;0;2
70;15;1;0;9
70;16;0;0;1
70;17;0;16;6
70;18;0;4;0
70;19;0;1;1
70;20;0;3;1
70;21;0;2;2
70;22;0;1;0
70;23;2;19;21
70;24;3;0;11
70;25;0;1;0
70;26;0;26;1
70;27;1;5;5
70;28;3;4;0
70;29;0;0;1
70;30;0;0;7
70;31;1;19;7
70;32;1;6;2
70;33;0;21;1
70;34;0;0;1
70;35;0;6;11
70;36;1;0;1
70;37;2;3;1
70;38;0;0;22
70;39;0;8;3
70;40;0;18;31
70;41;0;11;3
70;42;0;2;20
70;43;0;2;5
70;44;0;1;13
70;45;2;12;9
70;46;1;0;2
70;47;0;0;4
70;48;1;2;5
70;49;0;6;2
70;50;0;3;1
71;1;0;0;1
71;2;1;8;1
71;3;0;1;1
71;4;2;0;0
71;5;2;0;0
71;6;0;1;1
71;7;2;0;0
71;8;4;3;33
71;9;3;8;31
71;10;2;0;0
71;11;0;1;6
71;12;0;3;1
71;13;0;10;12
71;14;0;3;1
71;15;0;1;1
71;16;1;0;27
71;17;0;1;1
71;18;2;34;0
71;19;1;0;0
71;20;0;43;5
71;21;0;10;38
71;22;2;0;0
71;23;0;0;1
71;24;2;5;18
71;25;0;18;0
71;26;1;0;1
71;27;0;1;5
71;28;0;0;1
71;29;3;4;5
71;30;0;0;1
71;31;0;0;7
71;32;0;0;1
71;33;1;8;26
71;34;0;1;2
71;35;1;18;1
71;36;2;35;5
71;37;0;57;7
71;38;0;0;21
71;39;0;0;7
71;40;0;4;1
71;41;3;1;6
71;42;0;1;2
71;43;1;1;24
71;44;0;5;0
71;45;0;6;0
71;46;0;15;7
71;47;0;6;0
71;48;0;0;0
71;49;1;3;3
71;50;1;0;12
72;1;0;1;4
72;2;2;0;0
72;3;0;0;0
72;4;0;0;0
72;5;0;0;0
72;6;0;0;0
72;7;2;0;0
72;8;0;0;0
72;9;2;11;3
72;10;0;0;0
72;11;0;1;1
72;12;0;3;0
72;13;0;1;1
72;14;0;1;1
72;15;0;1;1
72;16;1;62;5
72;17;1;12;10
72;18;0;1;1
72;19;0;4;5
72;20;2;12;2
72;21;9;37;12
72;22;0;19;4
72;23;0;1;1
72;24;1;0;18
72;25;1;40;3
72;26;0;0;10
72;27;0;2;3
72;28;0;2;5
72;29;1;0;19
72;30;1;1;11
72;31;1;8;11
72;32;0;8;13
72;33;4;0;13
72;34;1;0;4
72;35;0;0;5
72;36;0;4;17
72;37;1;1;13
72;38;3;54;8
72;39;0;0;4
72;40;0;1;12
72;41;0;3;1
72;42;2;25;4
72;43;0;2;2
72;44;1;0;13
72;45;0;0;3
72;46;0;0;3
72;47;1;4;0
72;48;1;4;23
72;49;0;13;0
72;50;0;11;0
73;1;0;31;2
73;2;0;1;1
73;3;0;0;0
73;4;2;0;0
73;5;2;0;0
73;6;7;21;6
73;7;4;7;58
73;8;1;1;0
73;9;2;6;23
73;10;0;1;1
73;11;0;1;0
73;12;2;0;5
73;13;0;1;1
73;14;0;1;1
73;15;2;0;0
73;16;1;0;0
73;17;0;3;1
73;18;1;5;0
73;19;3;3;8
73;20;0;1;1
73;21;2;2;17
73;22;1;2;15
73;23;0;4;15
73;24;0;1;6
73;25;3;5;10
73;26;0;3;4
73;27;0;0;1
73;28;2;5;4
73;29;0;38;1
73;30;1;2;7
73;31;1;2;2
73;32;1;25;1
73;33;1;0;12
73;34;0;0;1
73;35;0;16;0
73;36;0;2;2
73;37;2;12;3
73;38;2;3;1
73;39;1;3;3
73;40;2;4;11
73;41;0;13;8
73;42;1;0;2
73;43;0;1;6
73;44;0;3;1
73;45;0;0;0
73;46;0;1;6
73;47;0;4;0
73;48;0;0;4
73;49;1;1;4
73;50;0;1;4
74;1;2;3;0
74;2;2;0;0
74;3;2;0;0
74;4;0;4;0
74;5;0;1;2
74;6;0;1;1
74;7;2;0;0
74;8;3;19;5
74;9;5;3;30
74;10;0;2;1
74;11;0;1;2
74;12;0;1;1
74;13;0;1;1
74;14;0;0;1
74;15;2;3;0
74;16;0;1;1
74;17;2;0;0
74;18;0;1;2
74;19;0;1;1
74;20;3;5;13
74;21;0;1;6
74;22;0;1;1
74;23;0;1;1
74;24;0;1;1
74;25;0;1;1
74;26;0;1;0
74;27;0;1;1
74;28;0;1;0
74;29;7;31;47
74;30;5;15;29
74;31;4;27;6
74;32;1;2;8
74;33;0;1;0
74;34;4;13;30
74;35;1;1;0
74;36;0;1;2
74;37;0;1;0
74;38;1;4;10
74;39;2;30;3
74;40;0;4;0
74;41;4;0;0
74;42;0;0;10
74;43;5;5;0
74;44;0;1;13
74;45;1;25;0
74;46;1;7;8
74;47;3;0;3
74;48;0;2;9
74;49;0;1;3
74;50;0;0;14
75;1;6;10;24
75;2;0;1;1
75;3;0;1;1
75;4;3;6;19
75;5;0;1;1
75;6;0;1;1
75;7;1;4;39
75;8;0;14;0
75;9;1;2;1
75;10;0;3;14
75;11;0;1;1
75;12;0;1;0
75;13;8;10;24
75;14;0;2;1
75;15;0;0;7
75;16;0;14;2
75;17;3;4;8
75;18;0;6;2
75;19;0;0;0
75;20;0;2;1
75;21;1;7;0
75;22;0;1;0
75;23;1;14;3
75;24;0;5;16
75;25;0;10;2
75;26;0;2;1
75;27;4;24;29
75;28;3;13;22
75;29;0;14;0
75;30;3;2;6
75;31;4;3;0
75;32;1;1;1
75;33;0;4;0
75;34;0;1;0
75;35;0;0;29
75;36;3;3;8
75;37;0;8;0
75;38;3;4;2
75;39;0;1;14
75;40;1;17;6
75;41;0;0;4
75;42;0;2;0
75;43;0;1;3
75;44;0;4;1
75;45;0;0;11
75;46;1;1;2
75;47;1;2;14
75;48;0;0;14
75;49;1;4;9
75;50;5;7;16
76;1;0;0;3
76;2;2;23;3
76;3;0;0;3
76;4;0;1;1
76;5;0;8;24
76;6;2;3;0
76;7;2;0;0
76;8;0;8;45
76;9;2;0;0
76;10;2;0;0
76;11;2;30;8
76;12;2;6;1
76;13;0;6;0
76;14;0;7;19
76;15;0;1;1
76;16;2;0;0
76;17;0;0;1
76;18;0;3;0
76;19;0;5;1
76;20;0;1;1
76;21;0;1;1
76;22;2;21;13
76;23;0;1;0
76;24;1;7;0
76;25;0;1;3
76;26;0;15;1
76;27;0;1;1
76;28;0;9;2
76;29;0;1;0
76;30;0;1;1
76;31;0;0;16
76;32;5;19;13
76;33;3;31;32
76;34;0;1;5
76;35;0;6;4
76;36;5;23;12
76;37;0;4;0
76;38;0;1;5
76;39;2;11;12
76;40;4;4;26
76;41;0;1;1
76;42;0;1;22
76;43;0;0;0
76;44;0;11;0
76;45;0;16;1
76;46;0;17;26
76;47;0;2;5
76;48;1;5;3
76;49;4;25;11
76;50;0;11;3
77;1;4;0;3
77;2;0;1;1
77;3;0;1;1
77;4;2;0;0
77;5;1;11;5
77;6;3;20;10
77;7;0;3;1
77;8;0;1;1
77;9;0;3;1
77;10;0;1;1
77;11;0;5;0
77;12;0;1;1
77;13;2;0;0
77;14;0;0;1
77;15;0;1;1
77;16;0;1;1
77;17;0;1;0
77;18;0;6;2
77;19;8;21;24
77;20;0;26;3
77;21;0;1;0
77;22;0;0;15
77;23;3;33;0
77;24;0;2;1
77;25;0;0;0
77;26;0;33;0
77;27;5;13;4
77;28;1;1;13
77;29;0;9;21
77;30;0;10;33
77;31;0;3;40
77;32;1;0;10
77;33;0;6;20
77;34;0;13;0
77;35;0;0;4
77;36;0;3;0
77;37;0;0;0
77;38;0;7;0
77;39;2;20;4
77;40;0;2;2
77;41;0;0;0
77;42;2;5;9
77;43;0;4;3
77;44;3;7;2
77;45;0;0;2
77;46;0;0;17
77;47;0;0;5
77;48;0;4;2
77;49;1;0;5
77;50;3;5;9
78;1;0;1;1
78;2;2;0;0
78;3;2;0;0
78;4;0;4;0
78;5;0;1;1
78;6;1;19;82
78;7;0;1;16
78;8;0;2;1
78;9;0;1;1
78;10;0;3;1
78;11;0;4;1
78;12;0;0;1
78;13;0;1;1
78;14;0;1;1
78;15;0;1;1
78;16;0;0;1
78;17;0;1;1
78;18;1;7;2
78;19;0;1;0
78;20;0;1;6
78;21;0;0;1
78;22;1;12;7
78;23;0;0;8
78;24;4;50;38
78;25;0;12;0
78;26;2;32;5
78;27;0;0;3
78;28;1;11;0
78;29;4;7;12
78;30;0;6;2
78;31;3;39;17
78;32;1;1;7
78;33;1;0;0
78;34;0;22;5
78;35;0;4;0
78;36;1;1;0
78;37;0;7;28
78;38;0;7;0
78;39;0;2;1
78;40;1;1;1
78;41;1;0;10
78;42;0;0;12
78;43;0;0;0
78;44;0;1;0
78;45;0;20;2
78;46;0;2;0
78;47;0;0;5
78;48;1;0;0
78;49;0;0;20
78;50;0;5;4
79;1;0;1;1
79;2;0;1;1
79;3;2;0;0
79;4;2;0;0
79;5;2;6;0
79;6;0;1;5
79;7;3;2;0
79;8;9;35;9
79;9;5;23;83
79;10;1;4;9
79;11;0;0;0
79;12;0;2;1
79;13;0;13;0
79;14;0;4;1
79;15;0;8;36
79;16;2;0;0
79;17;0;1;0
79;18;2;0;0
79;19;1;0;0
79;20;2;0;0
79;21;2;0;20
79;22;2;0;0
79;23;2;1;1
79;24;2;0;3
79;25;0;3;1
79;26;6;25;8
79;27;5;7;6
79;28;2;0;17
79;29;2;0;3
79;30;5;6;2
79;31;0;6;0
79;32;1;1;1
79;33;5;1;4
79;34;2;5;0
79;35;0;1;0
79;36;0;11;0
79;37;0;1;11
79;38;3;11;1
79;39;0;1;3
79;40;0;1;0
79;41;0;4;1
79;42;1;4;20
79;43;1;1;1
79;44;1;17;2
79;45;1;42;4
79;46;0;4;1
79;47;0;27;0
79;48;1;0;1
79;49;0;9;1
79;50;1;0;0
80;1;0;0;0
80;2;0;1;1
80;3;2;0;0
80;4;0;12;5
80;5;2;0;0
80;6;2;0;0
80;7;0;0;1
80;8;0;1;1
80;9;0;0;1
80;10;0;0;0
80;11;2;3;0
80;12;0;0;1
80;13;0;7;0
80;14;2;9;15
80;15;2;2;65
80;16;2;0;0
80;17;2;0;2
80;18;0;1;1
80;19;2;0;0
80;20;2;7;0
80;21;1;1;0
80;22;1;0;11
80;23;0;1;1
80;24;3;28;4
80;25;0;1;3
80;26;0;1;3
80;27;0;1;3
80;28;0;4;0
80;29;1;11;3
80;30;0;8;2
80;31;1;6;11
80;32;7;0;37
80;33;0;11;16
80;34;6;27;24
80;35;0;5;0
80;36;0;0;24
80;37;0;9;0
80;38;0;14;4
80;39;1;13;9
80;40;0;5;0
80;41;0;1;3
80;42;0;25;0
80;43;0;1;9
80;44;1;0;9
80;45;1;5;0
80;46;2;3;9
80;47;0;13;0
80;48;0;11;3
80;49;1;1;0
80;50;1;15;0
81;1;0;1;1
81;2;0;1;1
81;3;7;7;0
81;4;2;12;16
81;5;2;0;0
81;6;3;11;1
81;7;0;1;1
81;8;2;0;0
81;9;0;1;1
81;10;2;0;0
81;11;0;0;1
81;12;0;1;1
81;13;0;1;0
81;14;6;20;16
81;15;0;4;1
81;16;0;1;1
81;17;0;1;0
81;18;0;35;2
81;19;0;1;0
81;20;0;4;0
81;21;0;1;0
81;22;0;1;0
81;23;3;7;1
81;24;10;10;9
81;25;0;1;58
81;26;6;7;57
81;27;3;18;34
81;28;0;16;2
81;29;1;4;0
81;30;1;17;0
81;31;1;19;6
81;32;0;2;4
81;33;0;1;2
81;34;0;3;1
81;35;3;0;0
81;36;1;0;15
81;37;2;0;18
81;38;4;2;13
81;39;2;4;0
81;40;0;0;5
81;41;0;3;7
81;42;2;0;0
81;43;1;25;5
81;44;2;4;5
81;45;0;2;0
81;46;2;11;10
81;47;0;0;19
81;48;0;0;49
81;49;1;1;2
81;50;0;0;2
82;1;2;0;0
82;2;1;7;15
82;3;0;0;0
82;4;0;1;1
82;5;2;1;0
82;6;2;0;0
82;7;1;0;3
82;8;0;0;1
82;9;0;1;1
82;10;0;0;4
82;11;2;0;1
82;12;0;1;1
82;13;0;1;1
82;14;3;20;1
82;15;0;4;1
82;16;0;3;0
82;17;0;3;1
82;18;0;0;1
82;19;2;6;3
82;20;0;1;1
82;21;13;65;19
82;22;1;36;0
82;23;0;1;2
82;24;0;8;2
82;25;1;2;21
82;26;0;1;1
82;27;3;0;17
82;28;1;18;0
82;29;0;1;5
82;30;1;4;12
82;31;0;6;1
82;32;0;0;1
82;33;1;10;1
82;34;1;7;8
82;35;0;2;1
82;36;0;6;0
82;37;1;0;1
82;38;1;7;1
82;39;0;2;29
82;40;4;23;6
82;41;1;35;7
82;42;1;0;6
82;43;1;9;1
82;44;2;2;5
82;45;1;25;0
82;46;1;14;12
82;47;3;0;7
82;48;1;61;2
82;49;1;4;0
82;50;2;7;2
83;1;0;1;1
83;2;2;0;0
83;3;0;1;1
83;4;0;17;1
83;5;2;22;0
83;6;0;0;1
83;7;0;0;1
83;8;2;0;0
83;9;0;0;18
83;10;0;1;1
83;11;12;63;53
83;12;1;4;6
83;13;0;1;2
83;14;0;3;1
83;15;0;6;1
83;16;0;2;1
83;17;0;1;1
83;18;0;1;1
83;19;0;1;0
83;20;2;9;0
83;21;0;12;0
83;22;0;1;1
83;23;0;6;0
83;24;2;3;2
83;25;0;7;1
83;26;1;9;19
83;27;3;28;5
83;28;0;12;0
83;29;0;0;39
83;30;4;8;44
83;31;4;14;4
83;32;0;1;0
83;33;0;4;1
83;34;0;0;1
83;35;0;1;0
83;36;0;0;3
83;37;0;0;16
83;38;0;0;0
83;39;2;2;9
83;40;0;0;19
83;41;0;0;7
83;42;0;0;4
83;43;0;5;0
83;44;1;0;0
83;45;0;7;0
83;46;3;1;2
83;47;0;4;31
83;48;1;0;1
83;49;1;0;2
83;50;0;0;37
84;1;5;26;0
84;2;0;1;1
84;3;0;1;1
84;4;3;8;1
84;5;0;1;1
84;6;1;2;21
84;7;1;0;0
84;8;0;2;1
84;9;0;1;2
84;10;0;3;1
84;11;2;12;1
84;12;0;4;1
84;13;0;2;1
84;14;0;0;1
84;15;1;16;3
84;16;0;1;1
84;17;0;1;0
84;18;0;0;1
84;19;1;7;2
84;20;1;0;5
84;21;0;1;1
84;22;0;1;1
84;23;0;2;1
84;24;1;87;3
84;25;1;29;3
84;26;2;5;7
84;27;0;7;0
84;28;1;0;12
84;29;0;1;0
84;30;0;4;0
84;31;1;1;32
84;32;3;11;0
84;33;0;10;4
84;34;0;12;0
84;35;0;14;3
84;36;0;4;54
84;37;0;1;4
84;38;0;9;0
84;39;0;0;8
84;40;0;0;0
84;41;1;1;13
84;42;0;0;3
84;43;0;1;5
84;44;1;3;6
84;45;1;1;31
84;46;0;1;1
84;47;1;0;4
84;48;1;2;4
84;49;0;5;0
84;50;0;6;0
85;1;4;0;10
85;2;0;1;1
85;3;2;0;0
85;4;0;7;0
85;5;0;0;3
85;6;0;0;1
85;7;1;6;2
85;8;0;4;1
85;9;1;1;21
85;10;1;19;4
85;11;0;1;1
85;12;0;0;14
85;13;2;2;11
85;14;0;37;0
85;15;0;1;0
85;16;0;28;0
85;17;1;0;1
85;18;0;1;0
85;19;0;2;21
85;20;1;21;0
85;21;0;10;0
85;22;0;0;9
85;23;0;1;1
85;24;1;1;50
85;25;0;1;0
85;26;3;6;11
85;27;1;1;3
85;28;2;20;9
85;29;0;6;1
85;30;2;4;22
85;31;1;8;2
85;32;0;39;0
85;33;0;0;1
85;34;3;24;2
85;35;0;17;0
85;36;0;10;0
85;37;1;0;28
85;38;0;4;2
85;39;0;0;1
85;40;3;4;1
85;41;2;26;5
85;42;0;8;3
85;43;2;6;29
85;44;0;0;2
85;45;0;2;2
85;46;1;16;1
85;47;3;3;3
85;48;5;19;5
85;49;1;0;0
85;50;0;0;12
86;1;2;0;0
86;2;0;1;1
86;3;0;1;1
86;4;2;0;0
86;5;2;0;0
86;6;0;11;1
86;7;0;2;4
86;8;2;1;0
86;9;0;0;1
86;10;2;0;0
86;11;4;24;6
86;12;1;0;0
86;13;2;0;0
86;14;0;1;1
86;15;0;1;1
86;16;4;12;5
86;17;0;1;1
86;18;4;19;12
86;19;1;33;8
86;20;0;1;1
86;21;0;0;1
86;22;2;7;7
86;23;0;1;1
86;24;0;1;1
86;25;0;1;1
86;26;0;10;0
86;27;2;4;1
86;28;3;3;18
86;29;0;16;8
86;30;0;1;2
86;31;2;2;0
86;32;1;9;1
86;33;0;1;1
86;34;0;0;19
86;35;0;1;1
86;36;4;22;47
86;37;0;0;1
86;38;0;2;2
86;39;0;1;3
86;40;4;9;18
86;41;0;1;4
86;42;1;0;12
86;43;0;1;9
86;44;0;13;1
86;45;2;6;56
86;46;2;6;1
86;47;0;1;0
86;48;0;0;8
86;49;0;0;3
86;50;0;0;15
87;1;2;0;0
87;2;2;0;0
87;3;2;0;1
87;4;1;0;0
87;5;0;11;10
87;6;2;0;0
87;7;1;1;1
87;8;0;1;2
87;9;0;1;1
87;10;2;9;53
87;11;2;12;1
87;12;0;1;1
87;13;0;1;1
87;14;0;1;1
87;15;0;1;0
87;16;0;0;2
87;17;0;2;1
87;18;0;0;1
87;19;1;44;5
87;20;0;1;2
87;21;2;0;9
87;22;4;49;5
87;23;0;0;24
87;24;0;0;1
87;25;2;54;3
87;26;1;4;0
87;27;0;0;5
87;28;0;1;1
87;29;0;0;1
87;30;0;57;0
87;31;0;0;5
87;32;1;6;2
87;33;0;0;3
87;34;2;73;0
87;35;0;27;0
87;36;1;9;51
87;37;3;0;6
87;38;0;9;21
87;39;1;1;4
87;40;0;14;4
87;41;2;2;0
87;42;0;1;6
87;43;1;1;7
87;44;0;0;14
87;45;0;1;4
87;46;1;1;0
87;47;2;7;3
87;48;3;0;1
87;49;0;0;0
87;50;0;2;10
88;1;0;4;0
88;2;0;6;1
88;3;0;1;1
88;4;0;1;1
88;5;0;5;0
88;6;0;1;1
88;7;0;1;0
88;8;0;1;1
88;9;1;10;5
88;10;2;12;2
88;11;0;1;1
88;12;10;47;47
88;13;1;18;0
88;14;2;0;0
88;15;0;0;1
88;16;0;1;1
88;17;2;4;9
88;18;0;10;1
88;19;0;1;11
88;20;0;1;0
88;21;2;0;0
88;22;1;1;16
88;23;0;8;1
88;24;4;25;2
88;25;2;17;11
88;26;7;14;8
88;27;0;1;0
88;28;2;16;10
88;29;1;4;6
88;30;0;1;4
88;31;0;1;19
88;32;1;6;21
88;33;6;11;29
88;34;0;1;1
88;35;1;8;1
88;36;1;18;0
88;37;1;1;7
88;38;1;2;8
88;39;1;2;2
88;40;0;15;10
88;41;0;1;1
88;42;1;2;7
88;43;3;10;16
88;44;0;2;3
88;45;0;0;0
88;46;1;0;0
88;47;0;9;0
88;48;0;16;0
88;49;1;2;0
88;50;0;8;4
89;1;0;1;1
89;2;2;0;0
89;3;0;0;3
89;4;1;4;2
89;5;3;14;20
89;6;0;3;0
89;7;0;1;1
89;8;0;3;0
89;9;0;0;0
89;10;1;0;0
89;11;0;1;1
89;12;0;1;1
89;13;0;1;1
89;14;0;1;1
89;15;0;1;1
89;16;0;0;1
89;17;0;1;1
89;18;0;0;12
89;19;7;57;26
89;20;0;1;0
89;21;0;28;0
89;22;5;40;9
89;23;5;40;23
89;24;0;1;1
89;25;2;0;2
89;26;0;0;1
89;27;0;1;3
89;28;1;5;7
89;29;0;0;38
89;30;0;0;0
89;31;0;1;3
89;32;0;0;28
89;33;0;1;4
89;34;0;4;4
89;35;3;7;18
89;36;1;16;38
89;37;0;2;55
89;38;0;4;3
89;39;0;6;44
89;40;1;24;0
89;41;0;14;3
89;42;3;14;4
89;43;0;6;1
89;44;3;3;3
89;45;1;7;1
89;46;2;4;10
89;47;1;13;0
89;48;2;27;6
89;49;2;27;3
89;50;0;0;0
90;1;2;0;0
90;2;0;0;10
90;3;0;1;2
90;4;0;1;1
90;5;2;0;0
90;6;0;1;1
90;7;0;2;1
90;8;0;3;2
90;9;2;0;11
90;10;0;1;1
90;11;0;1;1
90;12;0;7;1
90;13;0;0;3
90;14;0;32;1
90;15;5;14;5
90;16;0;1;1
90;17;0;7;9
90;18;4;2;3
90;19;1;9;23
90;20;2;0;11
90;21;1;57;2
90;22;1;27;0
90;23;0;0;1
90;24;0;25;0
90;25;1;2;0
90;26;0;1;0
90;27;1;13;2
90;28;1;1;2
90;29;1;2;6
90;30;2;2;33
90;31;1;1;8
90;32;3;23;43
90;33;1;15;13
90;34;1;15;0
90;35;3;36;6
90;36;2;25;5
90;37;1;0;1
90;38;3;2;0
90;39;4;4;15
90;40;0;5;17
90;41;1;7;0
90;42;1;8;0
90;43;1;0;0
90;44;1;10;3
90;45;1;1;8
90;46;0;1;15
90;47;0;0;3
90;48;0;0;3
90;49;0;0;6
90;50;0;7;0
91;1;2;0;0
91;2;0;1;32
91;3;4;6;10
91;4;2;0;0
91;5;2;0;0
91;6;0;0;0
91;7;0;9;1
91;8;4;17;0
91;9;2;49;2
91;10;0;1;1
91;11;0;1;1
91;12;0;1;1
91;13;0;1;3
91;14;0;1;1
91;15;0;0;0
91;16;0;1;2
91;17;0;2;1
91;18;0;17;2
91;19;1;2;0
91;20;0;1;1
91;21;12;71;56
91;22;1;20;2
91;23;2;0;0
91;24;5;4;27
91;25;0;1;3
91;26;0;1;0
91;27;1;10;1
91;28;0;9;4
91;29;4;18;40
91;30;1;2;4
91;31;4;13;0
91;32;5;10;31
91;33;0;2;0
91;34;0;1;1
91;35;1;1;19
91;36;0;5;28
91;37;0;0;49
91;38;0;0;12
91;39;1;0;11
91;40;0;0;5
91;41;0;0;14
91;42;0;0;12
91;43;0;0;0
91;44;0;0;7
91;45;0;0;5
91;46;0;0;6
91;47;0;0;4
91;48;0;0;5
91;49;0;0;1
91;50;0;0;6
92;1;2;0;0
92;2;2;0;0
92;3;0;0;2
92;4;0;1;5
92;5;0;1;1
92;6;1;0;5
92;7;0;1;1
92;8;0;1;1
92;9;3;16;2
92;10;0;1;1
92;11;0;1;1
92;12;0;3;1
92;13;0;1;11
92;14;1;8;45
92;15;2;68;1
92;16;0;2;1
92;17;0;1;1
92;18;0;42;0
92;19;4;39;37
92;20;0;1;1
92;21;0;3;0
92;22;1;3;16
92;23;0;0;24
92;24;0;4;0
92;25;2;0;31
92;26;0;23;2
92;27;0;12;0
92;28;2;12;2
92;29;3;13;5
92;30;1;15;1
92;31;0;10;3
92;32;2;26;15
92;33;1;6;0
92;34;0;0;13
92;35;0;16;4
92;36;3;4;14
92;37;1;2;34
92;38;0;1;10
92;39;2;0;12
92;40;2;7;1
92;41;0;0;6
92;42;0;13;0
92;43;0;0;22
92;44;0;9;0
92;45;0;9;0
92;46;1;5;0
92;47;0;0;0
92;48;0;0;0
92;49;0;6;0
92;50;1;3;4
93;1;2;0;0
93;2;2;6;70
93;3;0;1;4
93;4;0;0;2
93;5;0;1;1
93;6;2;0;0
93;7;2;0;0
93;8;2;0;1
93;9;2;0;0
93;10;0;1;4
93;11;0;1;1
93;12;0;69;3
93;13;2;0;0
93;14;1;1;0
93;15;0;3;1
93;16;1;0;3
93;17;0;0;11
93;18;1;7;1
93;19;2;0;0
93;20;1;0;0
93;21;2;2;0
93;22;0;3;2
93;23;0;1;0
93;24;0;1;1
93;25;2;2;2
93;26;0;6;1
93;27;0;1;0
93;28;0;1;1
93;29;0;1;7
93;30;0;34;2
93;31;0;10;39
93;32;1;3;20
93;33;0;0;4
93;34;5;0;0
93;35;0;1;36
93;36;0;1;0
93;37;2;30;14
93;38;0;10;0
93;39;0;6;2
93;40;0;2;1
93;41;0;0;8
93;42;1;1;1
93;43;10;27;73
93;44;2;1;3
93;45;11;20;70
93;46;0;0;32
93;47;0;1;2
93;48;7;2;21
93;49;1;3;17
93;50;0;7;15
94;1;2;7;0
94;2;0;1;1
94;3;2;0;0
94;4;2;0;0
94;5;2;7;4
94;6;0;1;0
94;7;0;2;0
94;8;0;1;1
94;9;2;0;4
94;10;0;1;1
94;11;1;7;65
94;12;7;26;12
94;13;0;1;3
94;14;0;1;1
94;15;0;10;0
94;16;0;3;1
94;17;0;1;1
94;18;1;31;11
94;19;0;1;1
94;20;0;9;0
94;21;0;24;2
94;22;0;1;1
94;23;0;1;3
94;24;0;1;0
94;25;2;0;27
94;26;1;13;9
94;27;0;6;1
94;28;2;4;13
94;29;2;5;2
94;30;0;1;2
94;31;2;1;14
94;32;0;21;0
94;33;0;8;4
94;34;1;18;29
94;35;5;7;34
94;36;1;1;1
94;37;1;3;6
94;38;0;2;0
94;39;0;0;1
94;40;1;11;0
94;41;0;0;1
94;42;0;11;0
94;43;1;3;10
94;44;1;0;11
94;45;1;2;12
94;46;0;0;8
94;47;0;0;1
94;48;1;2;3
94;49;0;3;7
94;50;1;0;1
95;1;2;31;15
95;2;0;0;3
95;3;0;4;1
95;4;0;1;0
95;5;0;0;7
95;6;2;0;0
95;7;2;4;0
95;8;0;1;1
95;9;0;1;1
95;10;0;1;2
95;11;0;1;1
95;12;0;1;1
95;13;3;0;56
95;14;0;5;1
95;15;0;1;0
95;16;0;1;1
95;17;0;1;1
95;18;0;1;1
95;19;0;1;0
95;20;0;4;6
95;21;3;25;4
95;22;0;2;1
95;23;0;1;1
95;24;0;1;4
95;25;0;24;0
95;26;1;9;95
95;27;0;4;4
95;28;0;1;1
95;29;6;25;19
95;30;0;3;2
95;31;1;2;0
95;32;0;0;10
95;33;0;5;15
95;34;0;13;0
95;35;0;5;36
95;36;0;0;1
95;37;1;2;22
95;38;0;2;57
95;39;0;0;1
95;40;0;24;0
95;41;1;11;60
95;42;0;6;81
95;43;0;1;0
95;44;1;0;76
95;45;0;36;0
95;46;0;2;0
95;47;0;0;3
95;48;0;1;0
95;49;1;4;1
95;50;0;2;10
96;1;0;1;1
96;2;3;7;46
96;3;0;0;2
96;4;0;0;2
96;5;0;1;1
96;6;0;0;0
96;7;0;1;1
96;8;0;0;3
96;9;0;1;1
96;10;0;0;5
96;11;0;13;0
96;12;0;1;1
96;13;0;1;1
96;14;0;1;1
96;15;8;42;82
96;16;0;1;0
96;17;0;3;1
96;18;1;0;56
96;19;0;14;0
96;20;2;4;89
96;21;0;9;83
96;22;0;1;1
96;23;0;1;1
96;24;0;1;1
96;25;0;24;10
96;26;1;9;1
96;27;2;7;45
96;28;0;1;2
96;29;0;1;0
96;30;2;13;7
96;31;0;31;3
96;32;1;0;6
96;33;0;1;1
96;34;0;12;7
96;35;0;1;2
96;36;0;1;0
96;37;1;1;3
96;38;2;0;18
96;39;0;0;20
96;40;0;5;12
96;41;1;0;3
96;42;1;22;1
96;43;0;1;0
96;44;1;16;2
96;45;0;0;28
96;46;0;6;1
96;47;7;10;3
96;48;1;3;0
96;49;0;1;0
96;50;1;3;10
97;1;0;1;1
97;2;3;35;16
97;3;3;1;4
97;4;0;3;0
97;5;0;1;1
97;6;2;0;0
97;7;2;0;0
97;8;2;0;0
97;9;0;1;1
97;10;0;1;1
97;11;2;20;7
97;12;2;3;0
97;13;0;2;1
97;14;0;1;1
97;15;1;0;2
97;16;7;0;0
97;17;0;1;1
97;18;0;0;1
97;19;0;1;1
97;20;0;4;2
97;21;0;1;0
97;22;0;1;1
97;23;1;2;3
97;24;0;1;1
97;25;1;0;7
97;26;0;0;1
97;27;0;0;1
97;28;1;5;0
97;29;2;1;31
97;30;0;5;9
97;31;1;1;4
97;32;0;71;6
97;33;3;5;3
97;34;3;27;13
97;35;0;0;7
97;36;0;9;0
97;37;2;0;4
97;38;0;4;1
97;39;0;0;2
97;40;0;11;0
97;41;0;0;13
97;42;6;28;21
97;43;4;23;1
97;44;0;6;0
97;45;2;14;13
97;46;0;27;1
97;47;1;3;8
97;48;4;22;25
97;49;0;1;0
97;50;1;3;3
98;1;0;1;1
98;2;0;1;1
98;3;2;0;0
98;4;0;1;1
98;5;2;0;0
98;6;0;0;6
98;7;0;1;1
98;8;0;1;0
98;9;0;1;1
98;10;0;1;1
98;11;0;1;2
98;12;0;1;0
98;13;0;1;1
98;14;0;1;1
98;15;0;1;0
98;16;2;44;0
98;17;0;19;0
98;18;2;6;13
98;19;2;0;13
98;20;0;2;1
98;21;0;1;5
98;22;0;0;1
98;23;0;1;0
98;24;4;10;78
98;25;5;15;0
98;26;0;1;5
98;27;0;0;1
98;28;1;4;11
98;29;0;12;9
98;30;1;8;2
98;31;0;0;39
98;32;1;0;19
98;33;0;22;2
98;34;0;49;7
98;35;1;8;0
98;36;2;0;20
98;37;1;0;2
98;38;2;14;4
98;39;0;0;8
98;40;3;5;16
98;41;3;1;13
98;42;0;3;8
98;43;0;1;24
98;44;1;7;2
98;45;1;17;1
98;46;0;8;0
98;47;0;33;1
98;48;0;24;0
98;49;0;0;7
98;50;0;0;10
99;1;0;1;1
99;2;0;1;1
99;3;0;1;1
99;4;2;0;0
99;5;0;1;1
99;6;0;1;1
99;7;0;1;1
99;8;0;6;2
99;9;0;2;1
99;10;2;0;0
99;11;2;0;4
99;12;0;1;1
99;13;2;0;3
99;14;2;0;0
99;15;0;0;1
99;16;2;0;0
99;17;14;5;44
99;18;0;1;5
99;19;0;31;0
99;20;0;0;1
99;21;1;3;0
99;22;0;3;0
99;23;4;4;73
99;24;0;5;0
99;25;7;9;3
99;26;2;1;25
99;27;1;0;2
99;28;0;0;3
99;29;0;2;0
99;30;4;7;45
99;31;0;3;1
99;32;0;7;2
99;33;0;1;0
99;34;2;34;2
99;35;0;0;1
99;36;0;0;15
99;37;1;2;2
99;38;1;1;20
99;39;0;1;4
99;40;0;17;3
99;41;0;2;0
99;42;1;18;0
99;43;0;33;1
99;44;0;34;0
99;45;0;0;0
99;46;0;6;0
99;47;0;7;2
99;48;0;0;0
99;49;0;6;0
99;50;0;3;0
100;1;3;3;0
100;2;0;1;1
100;3;0;1;0
100;4;0;1;1
100;5;0;1;2
100;6;4;17;1
100;7;0;0;1
100;8;0;1;1
100;9;0;3;0
100;10;3;5;88
100;11;0;0;57
100;12;1;9;3
100;13;0;1;1
100;14;1;43;2
100;15;0;0;1
100;16;1;2;2
100;17;0;3;6
100;18;1;55;0
100;19;2;1;22
100;20;3;20;14
100;21;2;5;6
100;22;1;4;23
100;23;3;4;17
100;24;0;1;1
100;25;0;1;1
100;26;2;5;11
100;27;0;0;1
100;28;0;1;2
100;29;1;1;5
100;30;0;5;0
100;31;0;1;0
100;32;0;1;0
100;33;3;1;32
100;34;0;1;0
100;35;0;7;0
100;36;2;5;9
100;37;1;1;2
100;38;1;13;11
100;39;0;10;0
100;40;0;23;0
100;41;0;26;1
100;42;0;22;0
100;43;0;4;0
100;44;0;1;0
100;45;0;3;0
100;46;0;15;0
100;47;0;17;0
100;48;1;0;0
100;49;0;8;0
100;50;0;12;0
